RowName,Frame,Timestamp,nose_X,nose_Y,nose_Z,left_shoulder_X,left_shoulder_Y,left_shoulder_Z,right_shoulder_X,right_shoulder_Y,right_shoulder_Z,left_elbow_X,left_elbow_Y,left_elbow_Z,right_elbow_X,right_elbow_Y,right_elbow_Z,left_wrist_X,left_wrist_Y,left_wrist_Z,right_wrist_X,right_wrist_Y,right_wrist_Z,left_hip_X,left_hip_Y,left_hip_Z,right_hip_X,right_hip_Y,right_hip_Z,left_knee_X,left_knee_Y,left_knee_Z,right_knee_X,right_knee_Y,right_knee_Z,left_ankle_X,left_ankle_Y,left_ankle_Z,right_ankle_X,right_ankle_Y,right_ankle_Z
1,1,0.034482758620689655,0,0,0,43.81,-37.43,35.05,-0.3,-37.92,48.82,48.0,-16.49,37.72,-4.0,-18.18,81.87,42.76,-0.63,97.59,-0.29,-5.29,160.6,29.16,1.91,-6.28,2.8,0.93,6.34,24.42,28.06,-38.44,-4.42,26.99,9.34,22.17,49.05,-137.13,-6.81,49.12,-63.61
2,2,0.06896551724137931,0,0,0,43.87,-37.38,39.05,-0.07,-37.9,49.92,48.01,-16.5,37.72,-4.0,-18.15,83.85,43.46,-0.51,87.4,0.24,-5.46,161.81,29.37,1.88,-5.44,2.92,0.77,5.5,24.59,28.13,-31.13,-4.41,26.72,10.7,22.17,49.02,-121.58,-6.78,48.86,-61.22
3,3,0.10344827586206896,0,0,0,43.92,-37.25,46.84,-0.03,-37.8,58.01,48.62,-16.48,40.69,-3.98,-18.12,93.68,47.3,-0.16,86.21,1.55,-5.45,172.42,29.59,1.89,-5.14,3.04,0.73,5.21,24.7,28.09,-28.5,-4.4,26.2,11.85,22.13,48.95,-115.92,-6.46,47.58,-61.76
4,4,0.13793103448275862,0,0,0,43.99,-37.14,44.25,-0.04,-37.65,51.77,49.5,-16.48,34.14,-3.92,-18.11,84.63,50.91,-0.13,69.33,2.86,-5.49,156.9,29.73,1.86,-3.45,3.24,0.61,3.53,24.81,28.03,-16.42,-4.38,25.73,13.4,22.11,48.95,-90.92,-5.08,46.49,-59.85
5,5,0.1724137931034483,0,0,0,44.05,-36.93,46.18,-0.05,-37.51,51.76,50.4,-16.5,36.24,-3.59,-18.11,84.59,54.8,-0.13,74.01,3.41,-5.49,157.51,29.74,1.84,-2.2,3.25,0.59,2.28,24.81,27.87,-13.91,-4.23,25.1,11.05,22.08,48.95,-85.03,-3.64,45.59,-62.6
6,6,0.20689655172413793,0,0,0,44.05,-36.84,46.53,-0.21,-37.15,50.69,51.4,-16.64,36.35,-3.56,-17.56,80.86,57.63,-0.55,69.6,3.32,-5.47,152.04,29.71,1.72,-0.58,3.27,0.47,0.68,24.81,27.53,-5.81,-4.19,24.26,10.57,21.95,48.89,-67.69,-1.67,44.39,-62.25
7,7,0.2413793103448276,0,0,0,43.71,-36.83,44.05,-0.68,-36.97,40.4,52.39,-17.44,29.35,-3.66,-17.42,65.49,59.05,-1.12,52.62,1.8,-5.22,127.31,29.45,1.71,1.47,3.25,0.48,-1.36,24.73,27.52,4.11,-3.88,24.19,1.04,21.56,48.94,-42.36,0.18,43.2,-65.52
8,8,0.27586206896551724,0,0,0,43.14,-36.74,42.0,-1.19,-36.4,33.86,52.86,-18.08,28.98,-4.01,-17.17,50.95,59.67,-1.81,51.13,-0.84,-4.18,101.33,29.34,1.67,3.77,3.42,0.49,-3.65,24.71,27.26,9.23,-3.58,23.83,-1.53,21.34,49.12,-24.77,1.47,42.16,-63.28
9,9,0.3103448275862069,0,0,0,41.88,-36.66,41.44,-1.72,-35.97,26.6,52.93,-18.46,30.12,-5.36,-17.14,42.82,60.38,-2.28,57.95,-3.72,-3.62,94.07,28.72,1.73,6.45,3.38,0.74,-6.33,24.45,27.25,14.33,-2.75,24.01,-11.09,21.14,49.18,-20.95,2.88,41.62,-72.74
10,10,0.3448275862068966,0,0,0,40.83,-36.31,39.09,-2.09,-35.34,21.06,52.73,-18.64,31.04,-6.34,-17.0,35.54,60.01,-2.68,59.75,-6.97,-3.34,84.92,28.03,1.8,7.33,3.17,0.91,-7.2,24.35,27.21,12.87,-1.85,24.01,-13.89,21.07,49.18,-21.97,3.93,41.52,-74.23
11,11,0.3793103448275862,0,0,0,39.45,-35.97,39.4,-2.9,-34.76,21.06,52.25,-18.58,37.31,-7.97,-16.8,32.55,59.12,-2.72,61.4,-10.61,-2.99,76.22,26.97,1.99,8.06,2.69,1.17,-7.93,24.21,27.16,12.28,-0.74,24.09,-13.57,20.94,49.12,-21.93,4.82,41.68,-72.18
12,12,0.41379310344827586,0,0,0,37.95,-35.61,43.15,-3.92,-33.99,26.44,50.58,-18.5,40.35,-9.7,-16.34,40.61,58.43,-2.61,62.45,-14.14,-2.75,89.17,26.01,2.34,7.5,1.55,1.5,-7.38,23.87,27.16,10.47,0.67,24.47,-18.97,20.93,49.12,-30.97,5.61,42.11,-79.46
13,13,0.4482758620689655,0,0,0,36.82,-34.85,42.73,-4.84,-33.4,24.86,48.8,-17.97,39.78,-10.99,-15.9,39.55,57.78,-2.54,63.31,-17.96,-2.75,89.22,25.19,2.79,7.37,1.01,1.96,-7.24,23.63,27.17,10.04,1.73,25.0,-19.6,20.93,49.12,-31.7,5.74,42.69,-78.97
14,14,0.4827586206896552,0,0,0,35.37,-34.29,36.94,-5.89,-32.99,14.08,46.98,-17.49,34.42,-12.6,-15.47,26.73,53.87,-2.23,56.53,-19.95,-2.43,73.7,24.64,2.95,9.04,0.97,2.31,-8.91,23.27,27.2,10.86,2.38,25.35,-28.77,20.9,49.13,-30.5,5.85,43.21,-85.87
15,15,0.5172413793103449,0,0,0,33.76,-34.26,50.81,-6.85,-32.46,18.55,44.45,-17.34,46.77,-14.03,-15.16,28.01,49.2,-2.01,75.83,-21.99,-2.02,84.76,23.76,2.92,12.43,0.56,2.25,-12.31,22.85,27.13,13.48,2.55,25.41,-46.26,20.9,49.13,-33.64,6.04,43.63,-121.21
16,16,0.5517241379310345,0,0,0,31.66,-34.38,53.29,-7.85,-32.39,11.57,40.69,-17.34,55.36,-14.68,-15.16,16.16,42.36,-2.01,93.05,-23.25,-2.04,75.01,22.82,2.55,14.83,0.0,2.23,-14.72,22.13,26.67,11.12,2.43,25.4,-49.49,20.97,48.65,-54.96,5.92,43.92,-126.5
17,17,0.5862068965517241,0,0,0,30.79,-34.46,56.19,-8.14,-32.22,2.19,39.38,-17.41,69.69,-14.9,-15.18,2.33,39.26,-2.47,120.0,-23.59,-2.14,61.85,22.08,2.04,17.69,-0.64,2.04,-17.59,21.57,26.22,11.15,2.29,25.4,-46.61,21.07,48.21,-53.5,5.73,44.16,-117.59
18,18,0.6206896551724138,0,0,0,29.73,-34.52,53.9,-8.69,-31.98,-4.04,37.13,-17.41,70.47,-15.22,-15.08,-6.18,32.72,-3.43,123.8,-24.06,-2.18,50.01,21.6,1.27,18.83,-1.01,1.74,-18.73,20.98,25.32,10.57,2.15,25.08,-43.95,21.32,47.28,-55.09,5.57,44.16,-110.44
19,19,0.6551724137931034,0,0,0,28.88,-34.56,52.13,-9.37,-31.94,-5.94,35.29,-17.47,69.79,-15.63,-15.06,-7.44,27.29,-4.29,122.9,-24.18,-2.22,45.78,20.76,0.8,18.39,-1.6,1.44,-18.3,20.72,24.11,6.25,2.09,24.63,-45.78,21.89,46.5,-57.3,5.53,44.11,-107.13
20,20,0.6896551724137931,0,0,0,28.21,-34.59,64.14,-9.66,-32.05,1.36,32.55,-17.44,88.73,-15.86,-15.07,4.64,21.9,-5.57,146.8,-24.27,-2.2,57.63,20.95,0.21,17.48,-1.45,1.01,-17.4,20.68,22.81,0.96,1.99,23.77,-40.76,23.5,45.27,-63.78,5.18,43.83,-99.39
21,21,0.7241379310344828,0,0,0,27.76,-34.6,60.11,-9.8,-32.11,2.06,31.09,-17.34,84.86,-16.17,-14.98,2.32,18.33,-7.27,138.86,-23.95,-2.1,51.73,21.2,0.02,16.96,-1.34,0.99,-16.88,20.7,22.44,0.08,1.91,23.68,-38.82,25.16,44.42,-66.14,4.84,43.83,-90.38
22,22,0.7586206896551724,0,0,0,27.04,-34.61,57.75,-10.19,-32.1,3.35,29.55,-17.32,75.35,-16.52,-14.68,3.13,13.52,-8.15,129.42,-23.64,-1.95,43.59,21.37,-0.11,16.45,-1.29,0.93,-16.36,21.23,22.12,3.24,1.89,23.54,-32.17,27.26,43.84,-45.74,4.55,43.74,-72.78
23,23,0.7931034482758621,0,0,0,26.71,-34.61,56.5,-10.38,-32.03,1.8,28.61,-17.33,74.97,-16.53,-14.46,-0.47,11.46,-8.7,121.16,-23.13,-1.76,42.47,21.48,-0.12,16.42,-1.24,0.93,-16.32,22.86,22.09,5.49,1.88,23.56,-33.2,30.3,43.98,-45.21,3.83,43.72,-81.73
24,24,0.8275862068965517,0,0,0,26.33,-34.61,55.89,-10.41,-32.01,3.11,28.36,-17.35,72.87,-16.45,-14.29,3.11,9.8,-8.8,118.6,-23.02,-1.63,46.89,21.55,-0.04,15.56,-1.18,0.98,-15.47,24.92,22.32,1.53,1.83,23.61,-35.8,32.82,43.59,-55.76,3.26,43.69,-82.93
25,25,0.8620689655172413,0,0,0,26.07,-34.62,54.48,-10.48,-32.02,3.54,28.18,-17.39,69.16,-16.29,-14.34,2.46,9.76,-8.62,103.79,-22.4,-1.63,41.94,21.56,-0.03,15.54,-1.13,1.01,-15.45,26.6,21.86,9.93,1.79,23.64,-38.15,35.83,42.8,-29.93,2.66,43.64,-84.35
26,26,0.896551724137931,0,0,0,26.0,-34.63,54.94,-10.5,-32.04,3.73,28.07,-17.4,71.66,-16.19,-14.37,2.14,10.47,-8.26,109.52,-21.96,-1.6,43.36,21.72,-0.14,15.89,-0.97,1.01,-15.79,27.91,21.53,9.54,1.78,23.62,-37.64,38.58,42.28,-37.36,2.22,43.62,-84.21
27,27,0.9310344827586207,0,0,0,25.9,-34.63,55.45,-10.46,-32.04,2.21,27.83,-17.29,72.24,-16.16,-14.38,-0.07,11.26,-7.99,110.52,-21.4,-1.58,41.91,21.78,-0.49,16.67,-0.79,1.01,-16.57,29.34,21.16,10.58,1.78,23.56,-40.84,40.84,41.96,-29.17,1.82,43.56,-87.99
28,28,0.9655172413793104,0,0,0,25.87,-34.62,51.1,-10.42,-32.05,-3.2,28.08,-17.24,69.01,-16.12,-14.4,-4.91,13.71,-7.03,107.51,-20.99,-1.49,35.11,21.99,-0.62,16.79,-0.43,1.02,-16.69,31.22,20.99,11.66,1.74,23.52,-41.05,43.36,41.85,-22.29,1.45,43.54,-88.05
29,29,1.0,0,0,0,25.98,-34.6,50.2,-10.38,-32.06,-6.69,28.6,-17.11,68.92,-15.94,-14.47,-7.59,14.17,-5.64,107.66,-20.68,-1.48,33.83,22.17,-0.72,17.63,0.09,1.08,-17.53,32.42,20.7,11.85,1.71,23.52,-48.45,45.03,41.49,-26.06,1.19,43.54,-100.58
30,30,1.0344827586206897,0,0,0,26.09,-34.54,50.3,-10.37,-32.01,-3.66,29.2,-16.96,68.82,-15.66,-14.49,-4.49,17.92,-4.28,107.76,-20.34,-1.47,38.76,22.45,-0.71,17.88,0.84,1.16,-17.77,33.22,20.55,12.7,1.67,23.53,-51.77,46.54,41.34,-18.36,0.87,43.54,-103.79
31,31,1.0689655172413792,0,0,0,26.38,-34.32,50.36,-10.27,-31.85,-0.71,31.16,-16.62,64.12,-15.47,-14.44,-1.53,22.84,-3.13,99.16,-20.24,-1.43,40.23,22.82,-0.68,17.88,1.24,1.29,-17.77,34.1,20.53,15.99,1.62,23.54,-52.93,48.27,41.31,-7.68,0.47,43.56,-104.4
32,32,1.103448275862069,0,0,0,26.64,-34.19,47.97,-10.1,-31.71,-1.48,32.35,-16.61,55.7,-15.19,-14.44,-2.28,25.72,-2.64,87.09,-20.15,-1.4,37.88,23.1,-0.65,17.77,1.68,1.38,-17.66,34.5,20.55,15.0,1.55,23.55,-49.66,48.7,41.1,-12.98,0.18,43.58,-103.11
33,33,1.1379310344827587,0,0,0,27.49,-33.96,48.52,-9.38,-31.52,5.75,33.48,-16.53,55.53,-14.65,-14.45,3.3,29.48,-2.12,87.08,-19.98,-1.54,43.02,23.23,-0.64,17.02,1.92,1.38,-16.91,35.0,20.59,11.61,1.53,23.55,-49.98,49.89,40.98,-18.28,-0.04,43.55,-103.59
34,34,1.1724137931034482,0,0,0,29.0,-33.78,52.88,-8.88,-31.37,17.39,35.25,-16.54,57.84,-14.04,-14.45,19.94,33.95,-2.16,88.51,-19.78,-1.66,65.66,24.02,-0.58,14.59,2.22,1.39,-14.48,36.09,20.64,0.28,1.52,23.55,-49.29,50.35,40.65,-46.72,-0.25,43.52,-102.18
35,35,1.206896551724138,0,0,0,30.48,-33.63,55.8,-8.07,-31.2,23.26,37.35,-16.54,59.03,-13.55,-14.35,28.93,37.84,-2.12,93.34,-19.6,-1.69,78.48,24.93,-0.49,13.33,2.71,1.43,-13.23,37.0,21.0,-2.84,1.51,23.6,-50.22,51.01,40.8,-51.38,-0.53,43.51,-109.21
36,36,1.2413793103448276,0,0,0,31.96,-33.43,55.33,-6.84,-31.13,23.18,39.25,-16.53,57.76,-12.99,-14.39,28.74,41.14,-2.2,94.18,-19.05,-1.71,78.08,25.57,-0.19,13.2,2.96,1.52,-13.09,37.36,21.49,-1.73,1.46,23.62,-53.91,50.94,40.91,-50.5,-0.73,43.48,-113.4
37,37,1.2758620689655173,0,0,0,33.45,-33.25,57.08,-5.95,-30.98,27.62,41.46,-16.46,58.13,-12.52,-14.39,33.84,43.11,-2.25,93.08,-18.08,-1.72,83.99,26.02,0.06,12.92,3.19,1.54,-12.81,37.49,21.8,-2.75,1.42,23.63,-55.97,50.5,40.93,-53.82,-0.94,43.44,-117.07
38,38,1.3103448275862069,0,0,0,34.61,-33.22,50.72,-4.32,-30.91,21.61,42.9,-16.43,47.1,-11.71,-14.67,26.39,44.43,-2.16,77.57,-16.5,-2.0,75.0,26.91,0.45,12.55,3.61,1.64,-12.45,37.94,22.2,-6.4,1.38,23.64,-55.25,50.09,41.02,-64.41,-1.29,43.4,-116.0
39,39,1.3448275862068966,0,0,0,36.43,-33.02,49.51,-2.08,-30.93,21.2,44.23,-16.31,47.33,-10.21,-15.22,30.87,45.63,-2.0,81.29,-14.89,-2.58,88.94,27.59,0.79,11.22,4.2,1.66,-11.13,38.26,22.75,-10.86,1.37,23.62,-51.97,49.65,41.05,-81.73,-1.87,43.33,-112.7
40,40,1.3793103448275863,0,0,0,38.59,-32.62,49.98,0.17,-30.94,25.3,45.43,-16.13,46.25,-8.08,-15.43,33.19,46.87,-1.72,82.08,-13.31,-2.98,93.34,28.72,0.97,9.84,5.28,1.66,-9.76,38.45,23.29,-12.76,1.42,23.63,-40.75,48.79,41.06,-97.79,-2.33,43.25,-111.29
41,41,1.4137931034482758,0,0,0,40.8,-32.16,42.38,2.93,-30.94,23.65,46.95,-15.7,32.07,-5.57,-15.76,28.93,47.79,-1.27,59.9,-10.73,-3.22,83.23,29.86,1.17,8.56,6.35,1.66,-8.47,38.48,23.65,-11.08,1.54,23.63,-31.45,46.65,41.12,-87.46,-3.11,43.18,-95.41
42,42,1.4482758620689655,0,0,0,43.51,-31.47,44.34,6.01,-30.96,23.27,48.93,-14.89,40.18,-2.69,-15.93,32.08,48.62,-0.96,64.01,-8.32,-3.75,94.38,31.79,1.45,7.74,8.38,1.65,-7.66,38.49,24.05,-11.64,1.85,23.63,-29.61,45.48,41.28,-91.81,-3.65,43.18,-97.27
43,43,1.4827586206896552,0,0,0,45.87,-30.99,45.72,8.54,-31.02,22.69,50.63,-14.35,43.47,-0.03,-16.01,29.6,49.22,-0.57,73.04,-5.66,-3.96,90.83,33.88,1.72,8.45,10.39,1.66,-8.36,38.38,24.08,-14.56,2.44,23.61,-32.67,44.6,41.45,-97.87,-3.98,43.05,-99.16
44,44,1.5172413793103448,0,0,0,48.2,-30.71,46.02,10.26,-31.17,22.12,52.38,-13.89,44.3,2.22,-16.09,30.51,50.13,-0.48,75.87,-2.75,-3.93,90.44,35.98,1.88,8.22,12.49,1.66,-8.14,38.61,24.24,-17.94,3.62,23.46,-33.71,44.01,41.59,-100.19,-4.13,42.62,-100.04
45,45,1.5517241379310345,0,0,0,49.81,-30.76,42.14,12.03,-31.64,23.15,53.67,-13.67,40.74,3.93,-16.34,36.16,51.29,-0.38,78.7,0.61,-3.86,95.34,37.54,2.05,6.53,14.17,1.66,-6.45,39.3,24.33,-18.02,4.55,23.35,-27.75,43.4,41.68,-96.02,-4.01,42.34,-89.8
46,46,1.5862068965517242,0,0,0,51.4,-30.82,43.44,13.54,-32.06,30.6,55.14,-13.71,50.57,5.78,-16.3,49.58,52.49,-0.47,109.52,3.32,-3.81,119.99,38.79,2.15,5.37,14.99,1.66,-5.3,39.59,24.28,-30.97,5.3,23.16,-37.12,42.82,41.74,-123.61,-3.9,41.98,-118.63
47,47,1.6206896551724137,0,0,0,52.53,-30.87,43.35,14.2,-32.14,31.46,56.08,-13.54,49.96,6.72,-16.26,49.51,53.45,-0.45,101.3,4.74,-3.67,116.47,39.29,2.39,4.68,15.48,1.73,-4.61,39.57,24.29,-34.23,5.76,23.1,-38.74,42.24,41.75,-125.52,-3.63,41.83,-118.89
48,48,1.6551724137931034,0,0,0,53.64,-30.94,37.15,15.3,-32.15,42.74,56.74,-13.63,43.72,7.47,-16.25,69.34,53.97,-0.51,104.0,6.52,-3.66,142.19,39.74,2.34,-1.59,15.96,1.68,1.66,39.46,24.24,-43.42,6.67,22.94,-35.18,40.96,41.76,-132.19,-2.99,41.45,-114.34
49,49,1.6896551724137931,0,0,0,55.03,-30.98,34.8,16.41,-32.14,47.14,57.77,-13.7,44.06,9.16,-16.25,83.86,54.85,-0.57,110.04,7.96,-3.66,163.34,40.09,2.34,-4.46,16.39,1.64,4.52,39.42,24.14,-50.88,7.52,22.67,-31.72,40.13,41.76,-137.23,-1.81,40.93,-112.3
50,50,1.7241379310344827,0,0,0,55.98,-31.01,32.28,17.35,-32.13,47.96,59.14,-13.73,37.59,10.57,-16.24,85.51,56.45,-0.61,104.67,9.46,-3.72,165.79,40.64,2.34,-5.23,17.03,1.54,5.29,39.37,24.05,-52.99,8.44,22.46,-28.66,39.61,41.76,-139.61,-0.64,41.05,-103.05
51,51,1.7586206896551724,0,0,0,56.65,-31.01,28.04,18.16,-32.15,44.74,60.21,-13.73,31.13,11.78,-16.24,73.68,58.08,-0.63,95.88,10.77,-3.69,143.81,40.91,2.53,-5.71,17.42,1.54,5.78,39.19,24.02,-53.39,9.31,22.47,-29.45,38.68,41.85,-135.65,1.17,41.11,-99.62
52,52,1.793103448275862,0,0,0,56.89,-31.02,28.76,18.79,-32.17,44.39,61.53,-13.93,28.82,12.02,-16.2,70.76,59.91,-0.63,87.8,11.75,-3.6,136.88,41.26,2.58,-3.56,17.92,1.48,3.63,38.88,24.11,-45.94,10.17,22.48,-29.99,37.73,41.95,-130.21,3.04,41.11,-101.09
53,53,1.8275862068965518,0,0,0,57.3,-30.99,29.3,18.99,-32.16,42.91,62.41,-14.0,28.0,12.23,-16.16,66.12,61.48,-0.58,84.12,12.04,-3.36,132.27,41.42,2.63,-4.34,18.13,1.48,4.42,38.43,24.24,-44.73,11.41,22.5,-27.53,36.54,42.12,-127.75,4.58,41.29,-94.09
54,54,1.8620689655172413,0,0,0,57.77,-30.88,33.88,19.34,-32.16,48.82,63.12,-14.03,30.65,12.51,-16.14,68.39,63.14,-0.5,90.61,12.07,-3.36,134.77,41.85,2.53,-4.93,18.86,1.22,5.0,38.29,24.22,-43.88,12.49,22.49,-23.66,35.84,42.18,-127.54,6.4,41.53,-90.77
55,55,1.896551724137931,0,0,0,57.96,-30.85,36.51,19.3,-32.15,48.11,63.88,-14.06,31.85,12.43,-16.06,68.39,65.22,-0.41,85.54,11.57,-3.36,137.01,42.11,2.53,-4.43,19.26,1.17,4.5,38.29,24.22,-42.7,13.98,22.51,-23.78,35.35,42.23,-126.5,8.8,42.08,-90.63
56,56,1.9310344827586208,0,0,0,57.93,-30.86,35.5,19.33,-32.14,45.77,64.26,-14.13,29.18,11.9,-16.08,67.18,66.79,-0.38,80.36,10.65,-3.4,136.8,42.27,2.52,-4.51,19.45,1.15,4.59,38.15,24.22,-40.65,14.93,22.69,-19.37,34.33,42.39,-122.63,10.63,42.61,-83.42
57,57,1.9655172413793103,0,0,0,57.81,-30.94,37.85,19.52,-32.14,51.34,64.43,-14.28,30.15,11.66,-16.08,72.14,67.69,-0.33,82.58,10.35,-3.43,141.01,42.25,2.37,-5.67,19.43,1.0,5.74,37.93,23.99,-41.14,16.81,22.64,-12.08,33.48,42.45,-124.23,12.0,43.27,-71.46
58,58,2.0,0,0,0,57.77,-31.06,41.45,19.61,-32.16,51.35,64.6,-14.41,32.58,11.43,-16.12,69.52,68.04,-0.27,84.47,8.82,-3.65,138.51,42.24,2.19,-5.58,19.49,0.76,5.65,37.81,23.91,-41.34,18.16,22.65,-12.7,32.52,42.49,-125.31,13.45,43.29,-76.37
59,59,2.0344827586206895,0,0,0,57.65,-31.15,40.99,19.48,-32.17,49.2,64.59,-14.61,33.0,11.28,-16.13,62.81,68.22,-0.26,84.82,7.28,-3.68,125.33,42.29,2.02,-5.5,19.78,0.64,5.58,37.76,23.87,-43.16,19.22,22.65,-8.68,31.44,42.53,-128.85,14.85,43.24,-72.45
60,60,2.0689655172413794,0,0,0,57.59,-31.24,42.61,19.35,-32.21,48.79,64.5,-14.73,37.78,11.18,-16.13,62.76,68.26,-0.26,87.91,5.49,-3.68,126.63,42.31,1.88,-5.44,19.78,0.48,5.51,37.76,23.72,-36.23,19.94,22.58,19.3,31.26,42.64,-112.65,16.45,43.25,-35.55
61,61,2.103448275862069,0,0,0,57.46,-31.48,54.61,19.23,-32.25,60.04,64.31,-14.92,44.75,11.08,-16.22,63.48,68.0,-0.32,91.45,3.79,-3.67,119.74,42.3,1.61,-5.4,19.85,0.21,5.47,37.76,23.79,-31.83,20.54,22.59,7.14,30.88,43.12,-107.73,17.24,43.76,-50.26
62,62,2.1379310344827585,0,0,0,57.39,-31.65,56.25,19.21,-32.31,60.19,64.16,-15.06,47.05,10.85,-16.24,63.04,67.62,-0.35,95.55,2.95,-3.67,116.59,42.31,1.51,-5.17,20.03,0.15,5.24,37.7,24.0,-31.74,20.72,22.74,1.13,30.68,43.52,-111.3,17.88,44.2,-58.45
63,63,2.1724137931034484,0,0,0,57.16,-31.81,62.21,18.68,-32.31,65.03,64.05,-15.12,50.85,9.89,-16.05,63.72,67.23,-0.36,98.1,0.98,-3.25,116.02,42.35,1.4,-3.81,20.29,0.14,3.88,37.58,24.09,-25.52,21.29,22.88,5.92,30.53,43.56,-111.34,19.55,44.1,-60.91
64,64,2.206896551724138,0,0,0,56.74,-31.88,63.25,17.84,-32.31,63.37,63.44,-15.13,54.02,8.88,-15.77,63.35,66.65,-0.41,104.6,-0.59,-3.23,117.44,42.34,1.31,-2.07,20.25,0.03,2.14,37.5,24.11,-23.74,21.66,22.8,10.09,29.79,43.73,-112.89,22.47,44.14,-61.18
65,65,2.2413793103448274,0,0,0,56.18,-31.99,58.95,16.91,-32.31,45.66,62.75,-15.11,53.5,7.89,-15.56,38.37,65.45,-0.46,103.55,-2.51,-2.99,86.26,42.32,1.32,2.17,20.19,0.05,-2.09,37.15,24.41,-27.12,22.06,23.17,-17.26,29.63,43.86,-124.35,23.25,44.93,-91.95
66,66,2.2758620689655173,0,0,0,55.36,-32.1,72.47,16.28,-32.31,47.53,61.67,-15.09,65.84,6.4,-15.48,41.62,64.44,-0.46,112.8,-5.23,-2.55,90.11,42.25,1.35,6.3,20.15,0.26,-6.22,36.86,24.65,-28.05,22.29,24.0,-37.44,29.5,44.03,-130.73,24.83,45.54,-116.38
67,67,2.310344827586207,0,0,0,54.54,-32.27,66.66,15.6,-32.35,26.45,60.67,-15.09,59.7,5.29,-15.51,16.13,63.45,-0.45,90.21,-7.02,-2.74,61.25,41.97,1.52,9.85,19.9,0.47,-9.76,36.39,25.05,-12.51,22.71,24.91,-27.73,27.97,45.15,-90.87,26.94,46.05,-103.09
68,68,2.3448275862068964,0,0,0,53.77,-32.35,50.15,14.66,-32.41,10.79,59.71,-15.09,42.28,3.93,-15.61,-2.88,62.73,-0.43,71.72,-10.84,-2.86,36.87,41.52,1.87,12.52,19.45,1.13,-12.41,36.08,25.84,-3.83,22.9,26.4,-25.69,27.46,46.12,-77.56,28.28,46.87,-104.41
69,69,2.3793103448275863,0,0,0,52.66,-32.42,50.18,13.26,-32.41,27.49,58.93,-15.09,43.46,2.19,-15.8,20.35,62.32,-0.42,81.56,-14.01,-3.07,67.52,41.48,1.97,9.2,19.42,1.6,-9.1,36.1,26.01,-4.66,23.06,26.9,-22.38,27.93,45.9,-109.33,27.59,47.84,-99.11
70,70,2.413793103448276,0,0,0,51.31,-32.51,50.8,11.74,-32.36,30.06,58.3,-15.12,44.06,-0.05,-15.89,28.36,62.04,-0.42,84.97,-16.98,-3.18,78.52,41.47,2.02,8.66,19.4,1.93,-8.54,36.12,25.98,-26.39,23.36,27.07,-21.08,28.18,45.69,-130.82,26.84,48.39,-95.28
71,71,2.4482758620689653,0,0,0,49.77,-32.74,51.19,10.09,-32.35,46.54,57.65,-15.18,42.77,-1.96,-16.13,50.02,61.95,-0.41,84.92,-19.53,-3.9,100.96,41.33,2.04,2.99,19.26,2.09,-2.87,36.7,25.9,-40.54,23.51,26.76,-16.38,28.34,45.55,-144.91,26.19,48.57,-89.25
72,72,2.4827586206896552,0,0,0,48.77,-33.1,48.31,8.31,-32.39,48.46,56.88,-15.32,36.35,-5.0,-16.26,53.45,61.77,-0.43,78.8,-23.66,-3.92,104.5,40.99,2.04,-1.53,18.56,2.15,1.63,37.44,26.21,-42.96,23.31,27.26,-7.32,28.41,45.05,-156.01,25.9,48.84,-87.5
73,73,2.5172413793103448,0,0,0,47.65,-33.61,50.74,6.76,-32.77,52.64,56.03,-15.71,38.7,-7.4,-16.72,56.45,61.34,-0.64,81.39,-28.02,-4.08,104.73,40.36,2.1,-1.79,17.3,2.28,1.9,37.83,26.35,-42.81,23.18,27.71,-7.63,28.66,44.18,-156.24,25.72,49.02,-94.71
74,74,2.5517241379310347,0,0,0,46.64,-33.99,46.77,4.42,-33.04,46.87,55.42,-16.02,38.93,-10.06,-16.76,53.62,61.09,-1.0,82.88,-30.55,-4.87,107.38,39.86,2.11,-1.62,16.25,2.41,1.73,38.8,26.33,-40.68,22.35,27.75,-8.1,30.82,42.28,-161.89,25.5,49.35,-83.22
75,75,2.586206896551724,0,0,0,45.44,-34.35,47.96,2.66,-33.57,45.98,54.86,-16.37,44.26,-11.95,-17.01,57.03,60.81,-1.4,96.25,-31.6,-6.03,120.25,39.65,1.94,-1.66,15.33,2.38,1.77,39.78,26.3,-38.81,21.42,27.81,-7.28,33.12,41.44,-157.9,25.12,49.05,-83.3
76,76,2.6206896551724137,0,0,0,44.1,-34.71,48.01,1.82,-34.04,45.7,53.97,-16.79,46.84,-13.58,-17.15,56.5,60.53,-1.9,100.22,-34.72,-6.82,118.33,39.4,1.78,-1.52,14.63,2.37,1.62,41.08,25.65,-37.96,19.46,27.72,-8.54,35.22,41.38,-157.61,24.21,49.12,-82.35
77,77,2.6551724137931036,0,0,0,43.46,-34.94,53.52,1.41,-34.35,45.68,53.3,-17.05,54.13,-14.34,-17.36,54.84,60.36,-2.22,110.14,-36.18,-6.88,112.29,39.12,1.6,-1.16,13.95,2.35,1.27,41.77,25.41,-37.91,18.19,27.73,-10.36,36.93,41.49,-154.82,23.84,49.05,-82.72
78,78,2.689655172413793,0,0,0,42.01,-35.5,52.09,0.49,-34.65,44.06,52.21,-17.54,53.56,-15.58,-17.79,54.59,59.7,-2.49,106.16,-37.82,-7.17,107.46,38.54,1.57,-1.21,13.2,2.42,1.32,43.27,24.97,-43.51,17.5,27.76,-12.62,40.86,41.59,-157.37,23.61,49.03,-83.14
79,79,2.7241379310344827,0,0,0,40.72,-35.92,52.14,-0.86,-34.96,52.25,50.69,-17.78,52.19,-17.04,-18.03,59.94,58.69,-2.81,101.27,-39.85,-7.39,112.37,37.83,1.37,-3.53,12.31,2.44,3.64,44.6,24.86,-45.62,17.01,27.87,-9.56,45.43,41.66,-153.39,23.12,49.03,-84.51
80,80,2.7586206896551726,0,0,0,39.56,-36.3,52.72,-1.98,-35.3,53.61,49.45,-18.01,50.6,-18.09,-18.47,62.52,57.56,-2.93,100.23,-40.45,-7.77,116.75,36.65,1.06,-3.31,11.17,2.43,3.42,45.53,24.67,-43.83,16.32,27.88,-9.72,49.53,41.89,-128.58,22.58,49.06,-84.97
81,81,2.793103448275862,0,0,0,38.56,-36.68,50.28,-3.37,-35.58,47.35,48.36,-18.16,45.3,-18.86,-18.74,61.53,56.42,-3.03,85.52,-41.04,-8.07,116.16,35.62,0.68,-3.13,9.95,2.36,3.23,46.27,24.69,-39.52,15.64,27.89,-9.96,53.85,42.14,-120.7,21.97,49.09,-80.35
82,82,2.8275862068965516,0,0,0,37.46,-37.01,42.59,-4.31,-36.05,33.37,47.49,-18.39,36.06,-19.1,-19.24,46.7,55.64,-3.11,69.77,-40.97,-8.07,97.67,34.87,0.22,-1.6,8.99,2.2,1.71,46.55,24.55,-30.28,14.64,27.87,-10.46,57.3,42.46,-102.58,21.28,49.31,-70.83
83,83,2.8620689655172415,0,0,0,36.25,-37.3,43.05,-5.64,-36.35,37.23,46.9,-18.62,40.88,-19.23,-19.38,53.34,55.8,-3.47,78.42,-40.36,-7.9,112.27,34.25,-0.07,-1.04,7.9,2.12,1.15,47.72,24.6,-26.19,13.72,27.97,-10.8,62.12,43.44,-96.67,20.5,49.51,-74.73
84,84,2.896551724137931,0,0,0,35.42,-37.41,41.15,-6.69,-36.38,33.96,46.75,-18.78,39.57,-19.74,-19.33,52.34,56.01,-3.93,81.18,-39.71,-7.8,111.16,33.71,-0.14,-0.33,7.36,2.11,0.45,48.79,24.65,-18.06,13.19,28.18,-10.88,64.13,43.83,-82.97,19.92,49.57,-75.77
85,85,2.9310344827586206,0,0,0,34.64,-37.58,36.93,-7.5,-36.48,25.58,46.88,-18.97,27.29,-19.56,-19.45,37.85,56.32,-4.15,56.82,-39.27,-7.54,89.26,33.36,-0.15,1.21,6.85,2.11,-1.09,49.56,24.8,-15.88,12.9,28.32,-13.55,65.37,44.01,-83.27,19.51,49.58,-78.91
86,86,2.9655172413793105,0,0,0,33.93,-37.69,29.26,-8.45,-36.46,23.57,46.89,-19.22,23.07,-19.51,-19.38,39.47,57.7,-4.87,59.24,-38.75,-7.5,93.96,33.0,-0.12,1.11,6.31,2.12,-0.99,49.89,24.87,-8.7,12.53,28.52,-11.22,66.02,44.21,-66.97,19.24,49.73,-75.56
87,87,3.0,0,0,0,33.31,-37.77,33.06,-9.53,-36.39,27.35,47.15,-19.46,24.05,-19.98,-18.85,42.34,59.95,-5.45,57.57,-38.52,-6.79,96.3,32.79,-0.09,1.23,5.7,2.25,-1.1,50.49,25.16,-6.49,12.21,28.71,-13.4,66.22,44.9,-63.2,19.06,49.89,-82.53
88,88,3.0344827586206895,0,0,0,33.04,-37.98,35.94,-9.95,-36.47,29.1,47.35,-19.8,25.19,-19.82,-18.76,42.71,62.24,-5.99,54.71,-38.41,-5.85,97.91,32.51,-0.08,2.37,5.38,2.33,-2.23,50.31,25.35,-3.09,12.02,28.81,-21.76,66.26,45.81,-59.58,18.96,49.91,-99.04
89,89,3.0689655172413794,0,0,0,32.82,-38.24,37.46,-10.24,-36.62,21.94,47.83,-20.55,36.0,-19.78,-18.72,28.27,66.01,-7.43,72.21,-38.0,-4.72,80.17,32.09,-0.06,5.81,4.7,2.33,-5.66,49.91,25.97,1.04,11.83,28.84,-29.07,65.16,47.3,-48.69,18.84,49.91,-104.63
90,90,3.103448275862069,0,0,0,32.55,-38.43,43.89,-10.62,-36.68,24.55,48.99,-21.51,41.74,-19.88,-18.47,30.66,69.48,-8.5,78.89,-37.56,-3.64,83.99,31.78,-0.05,7.01,4.29,2.33,-6.85,49.84,26.34,0.89,11.65,28.98,-30.72,64.03,48.72,-46.16,18.75,49.93,-108.86
91,91,3.1379310344827585,0,0,0,32.59,-38.59,41.71,-11.0,-36.7,26.21,50.36,-21.86,40.51,-19.93,-17.88,34.27,72.02,-9.42,75.72,-37.08,-2.92,87.47,31.43,-0.04,6.11,3.74,2.33,-5.96,48.27,26.57,1.44,11.44,29.1,-26.51,63.31,50.04,-37.54,18.6,49.95,-100.91
92,92,3.1724137931034484,0,0,0,32.72,-38.7,38.09,-11.17,-36.73,23.25,51.41,-22.02,36.9,-19.94,-17.45,30.1,74.09,-9.85,69.97,-36.42,-2.14,78.49,31.27,0.04,6.23,3.5,2.36,-6.07,47.17,27.16,4.53,11.24,29.25,-24.82,63.13,51.24,-31.24,18.63,50.15,-97.98
93,93,3.206896551724138,0,0,0,32.8,-38.87,38.33,-11.38,-36.78,24.57,52.43,-22.46,37.99,-19.87,-17.18,31.44,76.72,-11.46,76.51,-35.43,-1.9,80.88,31.0,0.45,5.98,3.39,2.69,-5.82,44.6,27.61,-0.16,11.25,29.38,-26.75,58.48,52.23,-46.61,18.67,50.15,-102.43
94,94,3.2413793103448274,0,0,0,32.89,-39.13,33.73,-11.38,-36.77,22.55,53.58,-22.67,35.38,-19.81,-16.94,28.14,78.56,-12.27,76.45,-34.6,-1.84,76.02,30.7,0.68,5.73,3.01,2.78,-5.57,42.0,28.35,4.13,11.21,29.51,-20.95,53.73,53.24,-36.62,18.7,50.12,-100.73
95,95,3.2758620689655173,0,0,0,32.99,-39.38,47.18,-11.7,-36.83,33.41,54.93,-23.01,45.99,-19.77,-16.98,37.57,80.57,-12.71,89.65,-33.68,-1.88,92.91,30.2,0.76,6.5,2.51,2.79,-6.34,39.2,28.93,10.04,11.04,29.56,-33.86,48.39,53.71,-43.06,18.74,49.98,-130.44
96,96,3.310344827586207,0,0,0,33.04,-39.7,49.9,-11.61,-37.12,40.77,55.23,-23.59,44.14,-19.76,-17.0,41.98,82.06,-13.67,88.91,-33.24,-1.93,93.52,29.31,0.82,6.47,1.7,2.69,-6.3,35.49,29.11,17.78,10.91,29.4,-31.8,42.61,54.63,-22.64,18.74,49.49,-128.59
97,97,3.3448275862068964,0,0,0,33.25,-40.01,49.95,-11.54,-37.25,35.52,55.93,-24.3,52.67,-19.69,-17.21,32.19,84.17,-14.29,95.98,-33.21,-1.88,80.48,28.49,0.95,9.16,0.93,2.59,-8.99,31.66,29.4,17.75,10.4,29.37,-31.48,36.2,55.15,-24.29,18.75,49.49,-118.64
98,98,3.3793103448275863,0,0,0,33.58,-40.27,61.82,-11.55,-37.41,43.1,56.82,-24.56,66.47,-19.58,-17.36,43.3,85.46,-14.49,114.61,-33.29,-1.97,100.44,27.4,1.0,10.19,0.24,2.31,-10.02,28.12,29.97,14.24,9.52,29.36,-33.0,30.39,55.58,-33.42,18.76,49.7,-124.2
99,99,3.413793103448276,0,0,0,33.78,-40.54,55.76,-11.52,-37.82,40.27,57.42,-25.11,61.3,-19.26,-17.95,38.71,86.5,-14.95,113.22,-33.35,-1.98,99.41,26.42,1.16,9.56,-0.04,2.22,-9.39,24.8,30.46,12.1,9.4,29.8,-21.75,23.99,56.73,-30.14,18.96,50.88,-108.32
100,100,3.4482758620689653,0,0,0,34.11,-40.81,46.89,-11.45,-38.05,31.55,57.97,-25.54,57.03,-19.0,-18.22,28.13,86.94,-15.44,110.16,-33.31,-2.09,80.7,25.21,1.19,9.18,-0.32,2.05,-9.02,20.92,30.59,12.02,9.21,30.12,-7.91,18.87,57.31,-33.83,18.67,52.18,-88.86
101,101,3.4827586206896552,0,0,0,34.5,-40.89,40.7,-11.4,-38.21,30.04,58.54,-25.81,55.18,-19.0,-18.32,28.57,88.21,-15.46,103.35,-33.68,-2.36,79.34,24.36,1.27,8.3,-0.81,2.02,-8.12,19.22,30.62,11.57,8.77,30.59,-3.11,14.93,57.38,-39.15,17.24,52.69,-82.98
102,102,3.5172413793103448,0,0,0,35.03,-40.94,41.16,-11.34,-38.38,28.55,59.22,-25.72,56.5,-18.99,-18.33,26.08,89.94,-15.24,102.5,-34.32,-2.74,75.33,22.9,1.81,9.55,-1.18,2.03,-9.37,17.43,31.46,15.6,7.41,30.66,-10.02,11.44,58.64,-31.03,16.48,52.58,-98.71
103,103,3.5517241379310347,0,0,0,35.67,-41.1,47.47,-11.24,-38.44,32.45,59.72,-25.69,57.74,-18.98,-18.2,28.2,91.16,-15.21,102.38,-34.48,-3.27,81.39,22.27,2.27,9.68,-1.79,2.08,-9.5,16.7,32.26,14.23,6.24,31.22,-10.7,11.27,58.91,-48.83,15.4,52.51,-108.69
104,104,3.586206896551724,0,0,0,36.47,-41.2,48.97,-10.62,-38.67,32.57,61.3,-25.55,58.83,-18.85,-18.23,28.82,93.02,-15.05,104.55,-34.57,-4.11,86.34,21.86,2.41,10.27,-2.37,2.07,-10.1,15.66,32.86,15.93,3.61,31.7,-1.87,11.21,59.37,-51.99,13.86,51.8,-108.46
105,105,3.6206896551724137,0,0,0,37.17,-41.57,59.76,-10.39,-39.35,38.73,62.38,-25.45,77.57,-18.78,-18.52,35.54,94.26,-14.99,135.23,-34.77,-5.32,97.19,21.93,2.36,11.1,-3.08,1.91,-10.94,15.1,32.76,21.08,-1.04,31.58,9.18,11.13,59.79,-51.76,11.86,50.3,-107.85
106,106,3.6551724137931036,0,0,0,37.7,-41.87,58.9,-9.97,-39.93,33.6,63.79,-25.38,68.34,-18.78,-18.59,34.42,95.42,-15.08,120.16,-36.15,-6.55,96.76,22.23,2.56,10.89,-3.55,1.93,-10.73,15.56,33.75,18.49,-5.03,31.48,18.03,11.33,59.84,-62.01,9.88,51.09,-96.12
107,107,3.689655172413793,0,0,0,37.97,-42.5,44.53,-9.74,-40.4,22.68,63.26,-25.48,58.83,-18.76,-19.0,24.21,94.84,-15.54,118.51,-37.09,-7.34,91.64,22.5,2.52,10.72,-3.7,1.94,-10.57,16.29,33.75,20.84,-6.61,31.33,24.04,11.25,59.86,-56.35,8.95,51.11,-96.72
108,108,3.7241379310344827,0,0,0,38.34,-43.1,42.04,-9.46,-40.91,19.15,63.24,-25.58,55.56,-18.97,-19.68,20.98,95.36,-16.01,113.79,-39.98,-8.16,91.37,22.68,2.49,11.22,-4.24,1.85,-11.07,16.81,33.82,26.46,-10.29,30.94,39.48,11.42,59.96,-54.53,7.66,50.53,-86.65
109,109,3.7586206896551726,0,0,0,38.79,-43.29,51.72,-9.18,-41.29,29.57,63.86,-25.4,64.58,-19.95,-19.99,31.56,96.47,-16.59,120.74,-42.81,-9.42,106.34,22.69,2.54,11.11,-5.07,1.77,-10.96,16.68,34.23,23.49,-14.46,29.15,72.28,11.63,59.68,-86.41,3.99,49.14,-65.12
110,110,3.793103448275862,0,0,0,39.2,-43.69,53.13,-9.16,-41.59,39.76,64.09,-25.29,65.81,-21.24,-20.29,57.48,97.07,-17.75,122.28,-44.25,-11.26,142.72,22.78,2.51,10.83,-5.91,1.21,-10.7,16.39,34.42,22.21,-16.72,27.87,53.66,12.48,59.63,-90.47,-1.63,49.21,-76.92
111,111,3.8275862068965516,0,0,0,39.69,-43.93,52.59,-9.15,-42.35,41.37,63.79,-25.27,68.37,-21.63,-21.54,62.81,96.51,-19.73,133.08,-45.71,-12.86,147.65,22.79,2.46,10.32,-6.75,0.87,-10.21,16.62,34.21,18.6,-17.31,27.2,39.68,12.53,59.6,-81.02,-5.21,49.87,-74.67
112,112,3.8620689655172415,0,0,0,40.21,-44.15,38.95,-9.21,-43.01,31.12,63.75,-25.27,66.77,-22.6,-22.34,53.51,93.97,-21.45,139.67,-48.33,-13.87,137.91,22.65,2.44,9.64,-7.42,0.8,-9.54,16.52,34.11,5.59,-16.5,27.2,37.62,12.86,59.44,-99.02,-9.91,52.2,-66.69
113,113,3.896551724137931,0,0,0,40.4,-44.35,41.27,-9.56,-43.73,30.04,62.51,-25.3,87.36,-23.84,-23.09,51.87,90.27,-22.85,185.61,-49.62,-14.79,139.19,22.56,2.43,9.75,-7.99,0.82,-9.65,16.38,34.5,-1.2,-15.81,28.85,-0.74,12.86,59.5,-111.9,-15.06,56.01,-84.97
114,114,3.9310344827586206,0,0,0,40.3,-44.43,30.92,-10.34,-43.73,25.4,60.66,-25.28,77.61,-25.73,-22.91,58.17,85.29,-24.16,170.33,-51.98,-15.79,149.61,22.34,2.58,6.34,-8.81,1.16,-6.23,16.47,34.87,-15.28,-16.22,31.66,4.08,12.73,59.49,-114.92,-19.52,59.37,-58.49
115,115,3.9655172413793105,0,0,0,40.23,-44.33,13.01,-11.76,-43.53,6.39,60.56,-24.36,51.91,-27.42,-22.63,40.71,80.15,-25.05,151.47,-53.27,-16.42,125.47,21.94,3.32,5.14,-9.67,2.27,-5.02,16.59,36.01,-12.12,-16.65,33.68,8.95,12.9,59.99,-101.26,-22.78,60.98,-34.9
116,116,4.0,0,0,0,39.94,-44.25,8.55,-12.75,-43.35,-0.73,59.77,-23.51,39.31,-27.69,-22.49,24.2,74.51,-25.15,117.06,-53.18,-16.71,91.34,21.58,3.67,5.28,-10.45,2.92,-5.15,16.68,36.46,-7.7,-17.07,34.43,8.83,13.02,60.13,-84.77,-23.11,61.27,-29.88
117,117,4.0344827586206895,0,0,0,39.31,-44.22,3.86,-13.66,-43.39,-7.85,57.57,-23.31,36.06,-28.03,-22.52,12.61,67.34,-25.68,114.07,-54.31,-17.05,75.77,21.38,3.6,5.47,-11.03,3.0,-5.34,16.67,36.45,-6.51,-17.61,34.86,8.87,13.12,60.05,-74.32,-23.21,61.99,-28.89
118,118,4.068965517241379,0,0,0,38.36,-44.27,12.65,-14.83,-43.39,-8.4,55.45,-23.39,60.82,-28.98,-22.5,14.37,61.58,-25.97,166.13,-54.43,-16.78,85.91,21.17,3.58,6.5,-11.44,2.93,-6.37,16.69,36.52,-5.18,-17.56,35.11,6.57,13.26,60.12,-75.43,-23.06,61.9,-40.56
119,119,4.103448275862069,0,0,0,37.52,-44.53,8.03,-15.49,-43.62,-6.1,54.23,-24.6,60.03,-29.47,-23.19,20.07,57.99,-26.37,161.82,-53.96,-16.6,94.39,21.02,3.14,5.52,-11.76,2.92,-5.4,16.63,36.38,-12.92,-17.61,35.04,7.63,13.32,60.1,-89.94,-22.99,61.7,-43.44
120,120,4.137931034482759,0,0,0,36.52,-45.12,1.98,-15.87,-44.29,-9.75,53.51,-27.5,48.04,-29.89,-24.13,10.6,57.57,-29.28,154.91,-53.58,-16.44,77.2,20.68,2.21,5.13,-12.11,2.08,-5.01,16.65,36.15,-10.57,-17.81,34.67,8.59,13.56,60.07,-79.89,-23.14,61.49,-36.88
121,121,4.172413793103448,0,0,0,35.93,-45.31,9.96,-16.33,-44.58,-4.16,50.82,-29.0,83.29,-30.75,-24.3,27.95,53.55,-30.46,215.04,-53.73,-16.22,116.23,20.43,1.97,4.65,-12.84,1.71,-4.53,16.67,36.0,-13.19,-17.96,34.44,2.83,13.67,59.92,-104.19,-22.85,61.24,-61.09
122,122,4.206896551724138,0,0,0,35.22,-45.5,12.68,-16.53,-44.75,-2.21,49.09,-30.63,86.8,-31.04,-24.44,26.0,52.16,-31.93,220.33,-53.82,-16.1,111.41,20.01,1.86,4.42,-13.39,1.48,-4.3,16.61,35.95,-14.18,-18.21,34.37,2.27,13.68,59.91,-110.15,-23.09,61.4,-65.41
123,123,4.241379310344827,0,0,0,34.0,-45.83,13.97,-16.88,-44.78,-7.09,48.14,-33.58,102.13,-31.02,-24.45,18.09,51.17,-34.46,241.96,-52.14,-16.0,96.46,19.7,1.64,5.78,-13.53,1.31,-5.67,16.56,35.85,-12.24,-18.38,34.35,-1.25,13.87,59.89,-103.99,-23.02,61.36,-67.35
124,124,4.275862068965517,0,0,0,33.39,-46.37,14.47,-17.43,-44.71,-5.87,46.3,-35.54,93.64,-30.82,-24.66,16.99,49.75,-36.24,216.06,-49.93,-15.47,79.83,19.2,1.65,5.79,-13.82,1.4,-5.68,16.5,35.83,-11.61,-18.57,34.48,0.81,14.27,59.88,-95.41,-23.0,61.45,-57.02
125,125,4.310344827586207,0,0,0,32.46,-46.74,14.61,-17.83,-44.66,-4.01,44.9,-36.29,95.43,-30.65,-24.6,17.41,48.09,-37.48,215.04,-47.38,-14.98,86.03,18.72,1.87,5.77,-14.11,2.02,-5.66,16.38,35.82,-11.63,-18.69,34.63,-0.81,14.61,59.87,-93.87,-22.85,61.33,-59.59
126,126,4.344827586206897,0,0,0,31.61,-47.21,28.08,-18.36,-44.61,-2.98,44.66,-36.79,118.86,-30.56,-24.52,18.26,46.98,-38.38,257.3,-44.15,-13.71,97.19,18.69,1.91,6.68,-13.94,2.25,-6.58,16.35,35.8,-14.73,-18.63,34.64,-3.94,14.84,59.64,-123.98,-22.55,61.24,-80.97
127,127,4.379310344827586,0,0,0,31.28,-47.41,29.99,-18.67,-44.52,-2.76,43.8,-37.21,125.17,-30.54,-24.4,24.23,45.79,-39.95,262.37,-41.42,-12.31,107.93,18.61,1.94,7.18,-13.92,2.31,-7.08,16.35,35.79,-15.46,-18.57,34.64,-5.79,15.21,59.56,-124.57,-22.39,61.19,-83.36
128,128,4.413793103448276,0,0,0,31.39,-47.34,34.31,-18.75,-44.49,2.02,44.08,-36.54,132.73,-30.45,-24.11,27.1,45.88,-39.42,277.38,-39.81,-10.51,107.66,18.59,1.94,7.56,-13.84,2.27,-7.47,16.35,35.61,-15.29,-18.52,34.64,-3.82,15.45,59.53,-120.86,-22.25,61.17,-79.14
129,129,4.448275862068965,0,0,0,31.55,-47.64,27.06,-18.8,-44.47,-6.13,44.37,-36.78,115.41,-29.97,-23.65,12.62,45.58,-40.18,245.2,-38.14,-9.18,76.55,18.59,1.93,7.85,-13.8,2.24,-7.75,16.33,35.61,-14.57,-18.51,34.64,-1.23,15.57,59.52,-104.6,-22.16,61.15,-60.38
130,130,4.482758620689655,0,0,0,31.63,-48.03,22.44,-18.72,-44.46,-12.95,43.9,-36.87,110.13,-29.18,-23.23,6.17,44.64,-42.36,237.55,-37.21,-8.41,69.17,18.58,1.92,8.84,-13.76,2.18,-8.73,16.26,35.55,-13.16,-18.51,34.64,-0.96,15.59,59.51,-96.96,-22.12,61.14,-54.26
131,131,4.517241379310345,0,0,0,31.53,-48.26,28.85,-18.83,-44.46,-10.53,42.64,-36.64,124.15,-28.38,-23.02,3.43,45.1,-42.3,257.88,-36.53,-7.05,65.38,18.55,1.92,10.58,-13.79,2.14,-10.47,16.26,35.54,-14.64,-18.58,34.63,-12.72,15.7,59.53,-115.32,-22.06,61.12,-80.61
132,132,4.551724137931035,0,0,0,31.5,-48.3,28.08,-18.9,-44.44,-12.36,42.05,-36.34,117.46,-27.45,-22.6,-3.77,45.48,-42.01,245.55,-36.51,-6.24,52.66,18.53,1.93,11.49,-13.78,2.14,-11.38,16.28,35.53,-14.52,-18.57,34.64,-10.39,15.85,59.56,-114.35,-21.78,61.1,-76.15
133,133,4.586206896551724,0,0,0,31.54,-48.27,28.04,-19.06,-44.42,-13.97,41.61,-35.55,114.87,-27.26,-22.43,-5.07,45.9,-41.45,244.24,-36.91,-5.93,55.25,18.54,1.93,11.73,-13.77,2.11,-11.63,16.32,35.49,-14.22,-18.56,34.67,-10.19,16.04,59.56,-113.19,-21.34,61.13,-78.27
134,134,4.620689655172414,0,0,0,31.55,-48.31,21.02,-19.14,-44.4,-16.96,41.9,-35.38,101.18,-27.16,-21.87,-8.08,45.79,-40.97,219.14,-37.46,-5.61,46.37,18.54,1.92,11.6,-13.77,2.02,-11.49,16.46,35.39,-12.84,-18.49,34.66,-8.69,16.28,59.52,-101.9,-21.15,61.11,-69.87
135,135,4.655172413793103,0,0,0,31.67,-48.31,22.21,-19.19,-44.34,-14.71,42.15,-34.77,108.51,-27.12,-21.23,-4.36,46.08,-40.79,243.4,-37.51,-5.14,57.24,18.55,1.87,11.43,-13.78,1.9,-11.33,16.56,35.31,-16.34,-18.26,34.67,-12.04,16.47,59.48,-122.94,-20.92,61.1,-85.13
136,136,4.689655172413793,0,0,0,31.78,-48.29,34.77,-19.19,-44.31,-9.52,42.3,-34.56,132.25,-27.14,-20.86,-1.6,46.16,-40.55,273.47,-38.08,-4.87,58.05,18.57,1.84,11.53,-13.74,1.89,-11.42,16.6,34.85,-20.81,-18.09,34.66,-20.05,16.55,59.35,-132.76,-20.52,61.1,-93.77
137,137,4.724137931034483,0,0,0,31.87,-48.26,32.24,-19.19,-44.3,-9.49,42.36,-34.28,123.64,-27.15,-20.75,-1.94,46.33,-40.5,257.23,-38.55,-4.79,54.12,18.58,1.83,11.48,-13.72,1.88,-11.37,16.69,34.67,-19.65,-17.99,34.66,-17.07,16.6,59.22,-125.06,-20.21,61.09,-86.7
138,138,4.758620689655173,0,0,0,32.37,-48.16,39.17,-19.15,-44.31,-1.12,42.02,-33.07,127.18,-27.12,-20.78,2.01,46.77,-40.55,262.05,-39.81,-4.74,55.2,18.63,1.83,11.43,-13.6,1.88,-11.32,16.84,34.38,-21.24,-17.93,34.65,-19.95,16.67,59.12,-133.34,-20.07,61.03,-94.84
139,139,4.793103448275862,0,0,0,32.61,-48.12,35.99,-19.02,-44.35,-2.19,41.11,-31.04,118.58,-26.98,-20.84,1.93,48.83,-40.5,246.55,-40.77,-4.84,58.29,18.72,1.89,11.38,-13.54,1.95,-11.28,17.05,34.27,-20.76,-17.87,34.65,-18.02,16.81,59.06,-130.1,-19.91,61.01,-89.63
140,140,4.827586206896552,0,0,0,33.1,-47.88,30.85,-18.78,-44.41,-3.55,40.93,-29.49,99.53,-26.59,-20.85,-0.22,52.63,-40.45,216.15,-41.45,-4.98,56.28,18.75,1.96,11.38,-13.5,2.01,-11.27,17.15,34.26,-18.41,-17.8,34.64,-17.07,16.99,59.04,-129.6,-19.74,60.99,-87.77
141,141,4.862068965517241,0,0,0,33.42,-47.67,28.77,-18.39,-44.52,-3.99,40.99,-28.01,92.69,-26.27,-20.86,-0.59,55.75,-38.57,204.76,-42.78,-5.02,57.78,18.8,2.06,11.64,-13.47,2.08,-11.53,17.21,34.26,-17.01,-17.69,34.64,-16.4,17.13,59.03,-126.54,-19.54,60.95,-86.41
142,142,4.896551724137931,0,0,0,33.67,-47.55,28.28,-18.13,-44.59,-4.76,41.07,-26.47,84.58,-26.07,-20.87,-2.57,57.33,-35.83,192.15,-43.74,-5.09,58.66,18.89,2.0,12.11,-13.35,1.97,-12.01,17.23,34.27,-13.07,-17.56,34.54,-12.21,17.28,59.06,-125.03,-19.49,60.95,-85.53
143,143,4.931034482758621,0,0,0,34.25,-47.44,28.21,-18.01,-44.63,-5.01,41.17,-24.77,80.83,-26.03,-20.88,-1.39,59.72,-31.67,185.37,-44.57,-5.43,69.53,19.11,1.83,12.3,-13.23,1.72,-12.21,17.27,34.28,-9.54,-17.44,34.53,-7.27,17.37,59.1,-119.2,-19.46,60.94,-80.75
144,144,4.9655172413793105,0,0,0,34.38,-47.43,23.55,-18.0,-44.7,-7.0,41.23,-23.75,70.84,-26.32,-20.81,0.64,63.91,-29.04,173.65,-47.3,-5.51,79.79,19.32,1.72,12.27,-13.23,1.63,-12.17,17.29,34.29,-8.46,-17.33,34.53,-7.27,17.4,59.13,-119.25,-19.36,60.94,-83.69
145,145,5.0,0,0,0,34.58,-47.39,16.66,-18.04,-44.73,-9.35,41.57,-23.63,61.7,-27.28,-20.61,5.4,66.73,-26.47,160.63,-49.27,-6.28,86.45,19.43,1.69,11.48,-13.24,1.59,-11.38,17.34,34.3,-9.17,-17.25,34.48,-1.48,17.45,59.13,-118.69,-19.35,60.94,-70.07
146,146,5.0344827586206895,0,0,0,34.92,-47.39,19.18,-18.11,-44.77,-9.22,42.09,-23.75,68.24,-28.36,-20.5,8.45,68.09,-24.71,167.46,-51.95,-6.77,89.74,19.53,1.64,11.52,-13.26,1.56,-11.42,17.36,34.3,-8.25,-17.2,34.47,-3.45,17.46,59.14,-116.07,-19.34,60.93,-73.08
147,147,5.068965517241379,0,0,0,35.18,-47.35,20.42,-18.24,-44.8,-5.22,42.7,-23.97,67.73,-29.22,-20.55,17.78,70.13,-22.89,165.28,-52.6,-8.24,101.3,19.72,1.64,11.24,-13.3,1.59,-11.13,17.37,34.28,-8.85,-17.21,34.49,-3.02,17.44,59.14,-114.92,-19.35,60.93,-71.57
148,148,5.103448275862069,0,0,0,35.26,-47.29,21.57,-18.33,-44.83,-0.16,44.12,-23.85,66.76,-30.68,-20.56,21.56,71.43,-21.72,160.35,-56.15,-8.7,102.3,19.83,1.68,10.67,-13.33,1.64,-10.55,17.39,34.27,-9.45,-17.25,34.5,0.33,17.31,59.12,-115.04,-19.43,60.93,-66.56
149,149,5.137931034482759,0,0,0,35.34,-47.22,22.15,-18.36,-44.89,1.87,45.16,-23.79,63.41,-31.63,-20.64,23.98,72.13,-20.79,149.44,-58.36,-8.99,99.97,19.83,1.75,10.21,-13.43,1.7,-10.08,17.38,34.27,-9.6,-17.35,34.51,0.7,17.18,59.11,-107.45,-19.55,60.92,-61.0
150,150,5.172413793103448,0,0,0,35.35,-47.15,22.33,-18.67,-44.91,1.11,45.59,-23.68,61.54,-32.28,-20.71,23.16,72.16,-20.39,149.09,-58.88,-9.31,99.82,19.8,1.86,9.73,-13.61,1.74,-9.61,17.29,34.6,-9.73,-17.41,34.54,1.01,17.08,59.12,-109.68,-19.74,60.93,-60.96
151,151,5.206896551724138,0,0,0,35.34,-47.09,22.07,-18.99,-44.98,0.3,45.53,-23.62,59.12,-32.65,-20.87,20.89,71.7,-19.97,143.65,-59.74,-9.55,95.68,19.73,1.87,9.38,-13.81,1.73,-9.24,17.2,34.63,-9.9,-17.48,34.56,2.67,16.96,59.12,-104.66,-19.86,60.92,-58.01
152,152,5.241379310344827,0,0,0,35.33,-47.04,19.93,-19.32,-45.03,-0.22,45.57,-23.43,55.73,-32.85,-21.04,19.86,71.54,-19.93,139.7,-60.07,-9.79,93.83,19.69,1.87,8.84,-13.96,1.73,-8.71,17.09,34.64,-10.03,-17.53,34.56,3.4,16.83,59.12,-104.68,-20.02,60.92,-58.36
153,153,5.275862068965517,0,0,0,35.13,-47.02,18.63,-20.24,-45.04,-0.28,45.56,-23.45,54.36,-33.2,-21.06,19.07,70.98,-19.52,139.57,-60.57,-9.84,93.1,19.53,1.91,8.61,-14.37,1.72,-8.48,16.8,34.98,-9.9,-17.69,34.52,3.03,16.68,59.16,-106.3,-20.31,60.92,-60.58
154,154,5.310344827586207,0,0,0,34.45,-47.03,16.43,-21.09,-45.07,-6.41,45.15,-23.56,54.0,-33.45,-21.09,15.14,70.63,-19.44,140.04,-60.69,-9.87,87.66,19.16,1.91,8.62,-14.91,1.71,-8.49,16.58,35.1,-7.57,-18.09,34.43,2.52,16.45,59.16,-103.73,-20.6,60.89,-60.67
155,155,5.344827586206897,0,0,0,33.53,-47.03,16.08,-21.85,-45.08,-8.02,44.15,-23.61,55.79,-33.75,-21.1,13.88,70.41,-19.39,145.31,-61.15,-9.79,87.39,18.83,1.9,8.66,-15.33,1.7,-8.53,16.35,35.11,-7.17,-18.4,34.36,2.78,16.23,59.11,-104.5,-20.78,60.84,-61.55
156,156,5.379310344827586,0,0,0,32.3,-47.07,16.7,-22.87,-45.08,-8.38,43.01,-23.56,55.85,-34.04,-21.1,13.49,70.25,-19.37,143.48,-61.06,-9.74,87.42,18.16,1.9,8.71,-15.95,1.7,-8.58,15.96,35.25,-6.56,-18.87,34.36,2.49,16.05,59.11,-105.19,-21.05,60.83,-63.47
157,157,5.413793103448276,0,0,0,31.55,-47.07,14.68,-23.72,-45.09,-7.99,42.21,-23.32,52.49,-34.28,-21.12,13.97,69.48,-19.26,141.17,-60.78,-9.82,91.23,17.47,1.99,8.66,-16.64,1.78,-8.53,15.67,35.54,-6.88,-19.48,34.48,2.46,15.88,59.11,-112.64,-21.28,60.86,-64.67
158,158,5.448275862068965,0,0,0,30.33,-47.09,14.56,-24.82,-45.1,-8.37,41.57,-23.22,51.01,-34.63,-21.13,11.34,68.68,-19.3,135.41,-60.76,-9.88,84.45,16.36,2.07,8.84,-17.61,1.84,-8.71,15.28,35.64,-6.84,-20.19,34.5,2.36,15.66,59.08,-108.58,-21.56,60.86,-62.69
159,159,5.482758620689655,0,0,0,28.65,-47.13,14.47,-26.14,-45.1,-11.14,40.76,-23.22,52.74,-35.62,-21.12,6.11,66.3,-19.11,139.69,-61.02,-10.1,80.73,15.16,2.07,9.59,-18.92,1.84,-9.46,14.51,35.74,-2.09,-21.1,34.51,2.3,15.37,59.06,-104.16,-21.97,60.89,-65.79
160,160,5.517241379310345,0,0,0,26.15,-47.15,11.26,-28.55,-45.1,-13.55,38.95,-23.24,46.36,-37.85,-21.16,1.81,60.91,-18.48,129.0,-64.38,-10.22,71.88,13.21,2.07,10.0,-20.64,1.92,-9.86,13.29,35.75,-0.85,-22.31,34.73,1.98,15.07,59.05,-91.67,-22.34,60.97,-61.9
161,161,5.551724137931035,0,0,0,23.77,-47.17,10.78,-31.12,-45.03,-17.16,37.34,-23.24,47.31,-39.97,-21.16,-0.29,58.32,-18.77,132.42,-66.46,-10.81,70.12,11.64,2.21,10.48,-22.51,2.43,-10.33,12.59,35.75,-1.97,-23.56,35.13,0.78,14.72,59.04,-94.06,-22.61,61.07,-60.88
162,162,5.586206896551724,0,0,0,21.01,-47.18,11.6,-34.35,-44.87,-17.18,36.07,-23.27,49.03,-42.81,-21.06,2.2,53.72,-20.25,135.34,-69.76,-11.71,73.23,9.38,2.41,10.91,-24.55,3.01,-10.76,12.04,35.83,-2.61,-24.72,35.59,-4.06,14.44,59.08,-88.54,-23.06,61.16,-61.19
163,163,5.620689655172414,0,0,0,18.49,-47.2,22.8,-36.51,-44.76,-8.39,33.09,-23.82,75.55,-44.86,-20.94,25.71,51.21,-20.51,188.95,-72.65,-12.38,126.15,7.81,2.67,10.9,-25.97,3.52,-10.75,11.54,35.86,-9.58,-25.86,35.82,-9.46,14.24,59.06,-121.35,-23.18,61.16,-89.0
164,164,5.655172413793103,0,0,0,15.7,-47.24,36.43,-39.34,-44.76,-8.82,30.2,-23.83,92.98,-46.44,-20.95,21.23,51.45,-20.43,209.56,-76.29,-13.74,129.46,5.89,2.75,14.21,-28.37,3.79,-14.1,10.96,35.97,-9.64,-27.5,35.95,-23.83,14.07,59.02,-140.93,-23.58,61.23,-120.49
165,165,5.689655172413793,0,0,0,13.91,-47.36,39.27,-40.64,-44.76,-9.03,28.16,-23.83,90.72,-48.38,-20.95,19.57,51.41,-20.37,202.28,-77.88,-15.05,127.45,4.16,2.78,15.3,-29.79,3.94,-15.21,10.4,36.04,-7.74,-28.56,35.92,-23.87,14.08,59.02,-133.41,-23.56,61.22,-119.63
166,166,5.724137931034483,0,0,0,12.54,-47.55,51.05,-42.36,-44.87,-9.01,26.57,-23.83,113.55,-50.37,-21.06,27.12,50.04,-20.27,237.41,-79.48,-15.92,149.98,3.36,2.58,17.86,-30.79,3.93,-17.78,9.62,35.32,-5.89,-29.02,35.9,-30.46,14.09,58.8,-135.31,-23.53,61.14,-142.67
167,167,5.758620689655173,0,0,0,11.9,-47.74,47.94,-43.06,-44.95,-10.61,26.07,-23.86,106.31,-50.57,-21.2,25.82,49.91,-20.25,226.17,-79.49,-17.09,150.08,2.39,2.31,18.86,-31.61,3.71,-18.78,8.95,34.79,1.4,-29.04,35.87,-30.98,14.17,58.32,-129.52,-23.01,61.14,-141.23
168,168,5.793103448275862,0,0,0,10.24,-47.88,41.62,-44.47,-44.99,-18.22,24.87,-23.77,95.42,-52.84,-21.25,21.75,49.06,-20.21,206.82,-81.9,-17.89,135.16,1.03,1.86,18.66,-33.02,3.08,-18.58,7.63,33.98,2.1,-29.88,35.78,-25.5,14.17,57.87,-125.54,-22.39,60.81,-127.14
169,169,5.827586206896552,0,0,0,9.29,-47.88,41.39,-45.38,-44.99,-21.9,23.68,-23.5,97.48,-54.22,-21.26,21.81,48.27,-19.55,214.85,-82.5,-18.28,153.59,0.51,1.87,20.67,-33.59,3.02,-20.6,6.06,34.05,6.74,-29.66,35.8,-33.25,14.02,57.9,-125.01,-22.2,60.71,-149.38
170,170,5.862068965517241,0,0,0,8.67,-47.87,54.35,-45.72,-45.0,-18.78,22.6,-23.28,114.61,-55.0,-21.26,28.66,47.75,-18.38,233.73,-83.85,-18.56,159.18,0.16,1.55,23.0,-33.68,2.79,-22.93,3.76,34.1,18.82,-29.55,35.87,-30.29,12.75,59.68,-100.57,-21.99,60.71,-150.74
171,171,5.896551724137931,0,0,0,8.51,-47.87,48.62,-46.08,-44.97,-18.44,22.34,-23.27,104.69,-54.87,-21.26,38.3,47.41,-17.24,220.42,-82.67,-18.56,179.61,0.41,1.27,22.64,-33.26,2.7,-22.56,2.35,34.16,18.19,-29.42,36.16,-29.74,10.97,61.53,-91.69,-20.82,60.67,-147.54
172,172,5.931034482758621,0,0,0,8.67,-47.86,51.63,-46.29,-44.95,-13.69,21.94,-23.15,107.04,-54.97,-21.02,37.26,47.3,-16.18,220.43,-83.54,-18.52,168.01,0.38,1.36,22.9,-33.26,2.76,-22.83,1.62,34.63,14.56,-29.22,36.66,-35.0,8.26,63.66,-98.17,-19.42,60.49,-158.4
173,173,5.9655172413793105,0,0,0,9.21,-47.79,48.48,-45.78,-44.97,-18.65,22.17,-23.16,104.17,-54.56,-20.98,27.8,47.24,-15.25,216.44,-84.45,-18.4,161.13,0.12,1.47,23.62,-33.36,2.8,-23.54,0.12,34.85,24.33,-29.15,36.81,-32.32,5.78,65.64,-73.28,-19.02,60.68,-152.84
174,174,6.0,0,0,0,9.66,-47.72,50.57,-45.36,-45.0,-11.98,22.66,-22.94,104.88,-54.15,-20.91,40.06,47.43,-14.61,217.33,-83.65,-18.3,176.96,0.09,1.96,24.22,-33.1,2.99,-24.13,-2.25,36.69,30.23,-29.02,37.06,-42.71,3.07,68.43,-53.37,-18.79,61.07,-167.14
175,175,6.0344827586206895,0,0,0,10.19,-47.71,53.35,-45.16,-45.02,-5.25,23.02,-22.8,104.76,-53.71,-20.75,46.51,47.65,-13.55,215.78,-81.05,-18.16,182.36,0.06,2.6,25.49,-32.97,3.44,-25.39,-4.31,38.32,39.45,-28.61,37.46,-44.38,0.88,71.02,-27.53,-18.07,61.39,-164.91
176,176,6.068965517241379,0,0,0,11.81,-47.71,72.09,-43.81,-45.01,5.02,23.86,-22.83,124.51,-53.31,-20.64,49.0,48.45,-12.44,238.33,-80.38,-17.85,181.92,0.24,3.35,28.9,-32.44,3.94,-28.79,-5.39,39.46,42.19,-27.79,37.97,-58.63,-1.07,72.45,-31.23,-16.89,61.49,-191.24
177,177,6.103448275862069,0,0,0,14.52,-47.7,84.44,-40.98,-45.0,5.59,26.62,-22.76,136.16,-50.74,-20.34,48.03,50.26,-11.51,245.26,-76.54,-16.88,181.17,0.29,4.36,35.22,-30.96,4.6,-35.09,-5.35,40.15,48.51,-26.71,38.25,-93.09,-3.92,73.69,-29.14,-16.13,61.54,-235.81
178,178,6.137931034482759,0,0,0,17.49,-47.69,93.54,-38.0,-44.95,12.94,29.74,-22.76,137.94,-48.44,-19.94,46.92,52.79,-10.3,242.13,-74.66,-15.83,174.62,1.11,4.51,35.74,-28.87,4.58,-35.6,-4.75,40.6,49.57,-24.59,38.46,-88.15,-3.81,74.64,-23.71,-14.12,61.88,-230.47
179,179,6.172413793103448,0,0,0,21.41,-47.69,98.99,-34.82,-44.95,19.35,33.25,-22.56,140.41,-45.64,-19.76,54.54,55.45,-8.09,240.82,-70.99,-14.76,184.51,2.33,4.84,35.17,-26.77,4.57,-35.03,-4.16,41.48,47.38,-22.71,39.37,-81.75,-3.96,75.59,-29.2,-12.72,62.59,-222.65
180,180,6.206896551724138,0,0,0,24.61,-47.69,104.69,-31.72,-45.05,31.06,36.6,-22.18,140.18,-43.03,-19.73,60.75,58.51,-5.57,236.39,-70.11,-12.96,184.18,4.78,4.76,34.35,-24.17,4.52,-34.21,-3.4,41.05,46.65,-20.73,39.39,-80.34,-2.91,75.51,-24.53,-10.66,62.53,-221.66
181,181,6.241379310344827,0,0,0,27.63,-47.68,92.11,-28.03,-45.27,25.78,40.35,-21.72,119.22,-38.84,-19.74,32.41,61.12,-3.42,206.28,-66.65,-11.57,141.63,6.77,4.91,33.39,-21.99,4.68,-33.26,-1.84,41.63,43.5,-18.34,40.49,-72.11,-2.25,75.88,-35.16,-6.4,63.17,-208.76
182,182,6.275862068965517,0,0,0,30.23,-47.83,89.07,-25.52,-45.74,18.03,42.53,-21.38,108.45,-36.06,-19.76,35.31,63.01,-0.98,193.57,-63.56,-10.37,144.72,9.39,4.96,32.18,-19.82,4.75,-32.03,1.04,41.75,44.79,-17.73,41.25,-48.45,-1.84,76.07,-27.58,-5.97,64.35,-178.79
183,183,6.310344827586207,0,0,0,33.17,-48.41,84.46,-22.5,-46.28,20.74,44.32,-21.35,105.55,-33.41,-19.77,36.37,64.16,0.35,181.45,-61.12,-8.96,137.94,12.61,4.93,29.63,-17.19,4.72,-29.45,4.13,41.7,44.63,-17.47,40.93,-50.85,0.63,75.63,-29.53,-6.11,63.47,-180.33
184,184,6.344827586206897,0,0,0,36.44,-48.87,73.31,-19.11,-46.68,14.61,46.43,-21.28,97.89,-30.79,-19.78,29.4,64.7,0.78,174.23,-58.5,-7.97,122.0,15.83,4.91,28.48,-14.88,4.49,-28.3,7.82,41.57,43.43,-17.46,40.89,-48.5,4.47,75.27,-23.97,-5.4,62.64,-178.06
185,185,6.379310344827586,0,0,0,39.43,-49.11,54.48,-16.01,-46.95,-1.06,48.74,-21.14,80.0,-28.01,-19.79,11.89,65.63,1.41,148.42,-56.08,-6.75,90.2,18.13,5.07,26.54,-12.88,4.49,-26.36,9.95,42.13,39.23,-16.57,40.75,-34.74,7.14,75.64,-25.64,-3.92,62.61,-145.53
186,186,6.413793103448276,0,0,0,42.11,-49.46,47.63,-13.28,-47.08,-14.92,50.39,-21.12,76.27,-24.83,-19.76,-3.06,66.03,1.57,153.2,-52.63,-6.41,84.06,21.05,5.16,26.36,-11.13,4.41,-26.19,12.35,42.55,43.84,-17.02,40.45,-11.82,9.98,75.44,-31.05,-3.39,61.31,-147.45
187,187,6.448275862068965,0,0,0,44.51,-49.76,39.67,-10.84,-47.05,-26.6,52.38,-21.14,73.8,-22.07,-19.71,-14.51,67.31,1.61,155.39,-48.94,-6.35,71.17,23.59,5.31,26.45,-9.22,4.4,-26.29,14.32,42.68,43.94,-17.09,39.3,1.8,11.76,75.57,-32.6,-2.11,61.04,-125.91
188,188,6.482758620689655,0,0,0,47.45,-50.09,38.69,-8.2,-47.1,-26.08,55.0,-21.32,74.53,-19.57,-19.7,-13.96,69.11,0.88,158.34,-46.83,-5.95,68.77,26.07,5.3,26.32,-6.99,4.31,-26.16,16.65,42.81,43.27,-16.53,38.9,3.5,14.4,75.85,-33.26,-0.06,60.87,-124.47
189,189,6.517241379310345,0,0,0,49.69,-50.36,41.45,-5.71,-47.22,-34.39,57.66,-21.98,79.85,-17.29,-19.67,-23.7,71.09,0.26,166.21,-44.02,-5.8,63.18,28.28,5.29,27.46,-5.09,4.25,-27.31,18.91,42.7,49.25,-15.38,38.67,7.26,16.64,75.75,-30.88,2.42,60.91,-123.16
190,190,6.551724137931035,0,0,0,51.86,-50.5,40.15,-3.37,-47.36,-34.66,59.76,-22.25,79.94,-15.63,-19.66,-24.24,73.59,-0.07,168.08,-42.85,-5.45,63.06,30.24,5.35,27.55,-3.29,4.25,-27.4,21.06,42.7,47.59,-13.42,38.63,9.77,19.19,75.79,-34.89,4.3,60.93,-120.91
191,191,6.586206896551724,0,0,0,53.91,-50.64,40.66,-1.64,-47.36,-36.63,61.98,-22.6,82.67,-13.62,-19.66,-26.46,75.41,-0.36,171.21,-40.75,-5.54,56.23,31.73,5.69,28.2,-1.78,4.32,-28.05,22.43,42.88,46.79,-11.64,38.54,9.89,20.82,75.97,-28.86,5.7,60.95,-106.18
192,192,6.620689655172414,0,0,0,55.62,-50.72,38.51,0.21,-47.35,-36.6,63.83,-22.84,83.9,-11.19,-19.81,-25.46,77.48,-1.1,173.66,-36.43,-5.82,54.69,32.68,5.79,28.16,-0.47,4.32,-28.02,24.53,42.97,46.39,-9.96,38.35,3.93,22.42,75.98,-20.7,6.35,60.73,-106.74
193,193,6.655172413793103,0,0,0,57.7,-50.68,38.02,1.93,-47.34,-34.72,65.46,-22.92,84.1,-9.71,-19.84,-24.74,79.39,-1.45,174.08,-35.73,-5.3,51.84,34.42,5.9,28.17,0.88,4.33,-28.02,25.5,42.92,46.11,-7.92,37.85,4.15,24.03,75.94,-20.64,7.76,60.53,-100.84
194,194,6.689655172413793,0,0,0,59.21,-50.66,40.26,2.97,-47.26,-32.63,67.46,-23.0,84.68,-8.28,-19.84,-19.94,81.22,-1.67,177.21,-34.4,-4.51,58.01,36.02,6.1,28.03,2.63,4.38,-27.88,26.83,42.91,45.93,-6.35,37.8,3.42,25.21,75.91,-22.45,8.86,60.41,-103.47
195,195,6.724137931034483,0,0,0,60.54,-50.63,39.78,4.05,-47.2,-32.43,68.74,-22.98,84.66,-7.15,-19.76,-18.57,82.52,-1.78,176.44,-33.59,-3.69,53.68,37.47,6.22,27.73,3.92,4.44,-27.58,27.96,43.0,43.2,-5.31,38.05,1.8,26.13,75.9,-22.23,11.06,60.75,-98.43
196,196,6.758620689655173,0,0,0,61.59,-50.6,36.04,5.01,-46.82,-33.29,69.46,-22.98,80.6,-5.4,-19.48,-27.91,82.87,-1.79,170.23,-30.94,-3.43,42.06,38.58,6.42,27.7,4.88,4.58,-27.55,29.55,43.18,41.65,-3.87,38.09,1.1,26.88,75.9,-25.24,12.01,61.16,-105.04
197,197,6.793103448275862,0,0,0,61.61,-50.42,37.26,5.19,-46.61,-25.43,69.38,-22.77,81.18,-4.96,-19.36,-18.13,82.94,-1.68,176.77,-29.91,-3.13,59.05,39.42,6.48,26.92,5.84,4.65,-26.77,30.24,43.19,38.5,-3.35,37.96,-9.61,27.07,75.95,-35.61,11.93,61.21,-121.2
198,198,6.827586206896552,0,0,0,62.27,-49.84,36.83,5.94,-46.25,-26.13,69.85,-21.98,78.09,-3.64,-19.34,-20.09,83.16,-0.32,169.49,-26.75,-3.29,58.63,39.8,6.7,25.87,6.46,4.81,-25.72,31.29,43.38,33.21,-3.25,37.56,-3.85,27.76,76.03,-41.95,11.86,61.19,-118.5
199,199,6.862068965517241,0,0,0,63.55,-49.11,35.6,6.59,-45.93,-27.0,69.96,-20.81,75.21,-3.09,-19.27,-19.67,83.33,1.64,162.41,-26.36,-2.98,59.76,40.29,7.02,25.7,6.93,5.21,-25.55,32.16,43.73,31.28,-2.87,37.92,-3.97,28.53,76.22,-41.31,13.1,61.8,-118.17
200,200,6.896551724137931,0,0,0,64.59,-48.57,36.97,7.19,-45.72,-23.1,70.28,-20.11,76.82,-2.21,-19.19,-17.46,83.44,2.4,164.83,-25.63,-2.9,64.07,40.95,7.01,25.03,7.46,5.24,-24.88,32.85,43.79,29.26,-2.26,38.0,-3.99,29.28,76.37,-45.2,13.7,62.02,-119.09
201,201,6.931034482758621,0,0,0,64.76,-48.27,37.36,7.72,-45.51,-22.94,70.42,-19.85,74.15,-1.9,-19.04,-16.92,83.46,3.06,159.92,-25.6,-2.62,65.24,41.37,7.09,24.24,7.85,5.36,-24.09,33.1,43.96,28.06,-1.41,38.39,-6.18,30.2,76.35,-55.18,14.07,62.01,-124.3
202,202,6.9655172413793105,0,0,0,65.18,-47.96,42.05,8.21,-45.44,-20.24,70.46,-19.41,75.48,-1.72,-18.99,-13.93,83.41,3.65,160.91,-25.62,-2.47,69.69,41.57,7.23,24.34,8.2,5.47,-24.19,32.99,44.05,29.72,-1.07,38.62,-6.72,30.42,76.34,-51.45,14.29,61.52,-129.31
203,203,7.0,0,0,0,65.31,-47.73,42.37,8.51,-45.32,-18.04,70.67,-19.07,76.13,-1.97,-18.97,-10.78,83.77,4.14,159.21,-25.98,-2.27,69.77,41.66,7.49,24.34,8.35,5.7,-24.2,33.13,44.15,30.66,-1.03,38.71,-6.69,30.75,76.33,-49.69,14.34,61.04,-127.89
204,204,7.0344827586206895,0,0,0,65.61,-47.45,48.36,8.49,-45.17,-9.73,71.25,-18.64,79.32,-2.34,-18.8,-2.23,85.19,4.88,160.28,-25.98,-2.2,80.56,41.88,7.69,24.4,8.46,5.89,-24.25,33.42,44.18,31.21,-0.85,38.88,-11.58,30.84,76.33,-47.49,14.39,60.89,-136.02
205,205,7.068965517241379,0,0,0,65.58,-47.35,47.51,8.36,-45.04,-8.74,71.36,-18.45,78.29,-2.55,-18.44,1.34,85.7,4.92,160.65,-26.44,-1.91,83.21,42.01,7.68,23.35,8.47,5.96,-23.2,33.35,44.35,30.81,-0.52,39.11,-11.19,30.92,76.33,-46.79,15.07,60.97,-132.37
206,206,7.103448275862069,0,0,0,65.7,-47.25,46.92,8.43,-45.04,-9.36,71.46,-18.56,78.11,-2.8,-18.4,-1.27,85.86,4.77,160.83,-26.57,-1.91,80.53,41.83,7.69,23.39,8.24,5.96,-23.24,33.28,44.74,31.08,-0.37,39.13,-10.65,30.92,76.33,-48.2,15.47,60.67,-136.71
207,207,7.137931034482759,0,0,0,65.6,-47.19,47.98,8.47,-44.99,-9.45,71.56,-18.64,79.66,-2.85,-18.33,-2.83,86.02,4.54,163.07,-27.33,-1.92,78.71,41.7,7.69,23.46,8.09,5.93,-23.31,33.38,44.89,31.27,-0.33,39.08,-10.42,31.19,76.32,-47.52,15.44,60.46,-136.77
208,208,7.172413793103448,0,0,0,65.51,-47.16,47.87,8.49,-44.97,-7.05,71.59,-18.7,79.75,-2.89,-18.32,-2.3,86.14,4.52,166.02,-28.35,-1.96,79.9,41.61,7.76,22.84,8.0,5.94,-22.69,33.56,45.11,27.02,-0.39,38.9,-9.67,31.25,76.27,-60.1,15.29,60.36,-138.4
209,209,7.206896551724138,0,0,0,65.39,-47.09,37.03,8.57,-44.97,-16.3,71.69,-18.74,71.65,-3.01,-18.33,-12.83,86.58,4.32,157.24,-29.41,-1.98,62.95,41.57,8.0,22.53,7.92,6.1,-22.38,33.69,45.5,20.56,-0.23,38.9,-9.59,31.17,76.26,-66.77,15.27,60.37,-131.04
210,210,7.241379310344827,0,0,0,65.35,-46.9,42.16,8.5,-44.93,-7.14,71.68,-18.77,72.04,-3.6,-18.32,-2.58,87.49,3.45,158.71,-30.03,-2.04,75.36,41.55,7.93,22.56,7.85,6.02,-22.42,33.62,45.43,24.49,-0.3,36.33,-11.62,31.15,76.26,-46.94,14.49,58.0,-146.33
211,211,7.275862068965517,0,0,0,65.23,-46.79,49.3,8.44,-44.87,8.37,71.65,-18.95,72.48,-4.11,-18.28,11.25,87.63,2.29,151.14,-30.59,-2.04,87.48,41.51,7.69,21.07,7.78,5.63,-20.93,33.57,45.19,28.48,-0.4,35.19,-4.94,31.33,76.24,-42.59,13.45,55.58,-155.05
212,212,7.310344827586207,0,0,0,64.71,-46.76,49.26,8.41,-44.75,4.0,71.55,-19.08,71.36,-4.51,-18.26,7.21,88.06,1.35,151.53,-30.99,-2.06,84.21,41.48,7.59,20.49,7.59,5.48,-20.36,33.56,45.17,29.39,-0.28,35.05,-2.87,31.48,76.27,-43.65,13.1,54.92,-155.3
213,213,7.344827586206897,0,0,0,63.66,-46.58,42.23,8.13,-44.42,2.97,71.34,-19.09,67.17,-4.98,-18.26,5.75,87.98,0.68,148.44,-30.99,-2.23,83.2,41.4,7.49,20.43,7.44,5.39,-20.3,33.53,45.06,29.97,-0.07,34.62,-3.53,31.51,76.26,-39.03,12.68,54.5,-157.54
214,214,7.379310344827586,0,0,0,62.52,-46.23,39.91,7.53,-44.15,0.18,70.69,-19.13,62.87,-5.14,-18.39,4.1,87.88,-0.14,142.53,-30.52,-2.48,82.01,41.29,7.32,20.08,7.29,5.39,-19.94,33.45,44.92,34.95,0.26,34.9,-6.62,31.49,76.26,-28.7,12.36,54.28,-164.18
215,215,7.413793103448276,0,0,0,60.74,-45.91,50.11,6.5,-43.74,12.47,69.86,-19.27,65.42,-5.29,-18.67,13.2,87.17,-0.24,140.31,-28.15,-2.82,89.43,41.08,7.16,19.98,7.26,5.38,-19.84,33.42,44.57,36.71,1.55,35.02,-21.46,31.46,76.07,-30.18,12.18,54.67,-171.48
216,216,7.448275862068965,0,0,0,59.01,-45.71,48.43,5.71,-43.39,8.02,69.11,-19.82,59.38,-5.37,-18.95,7.78,83.84,-1.06,123.91,-25.89,-3.43,69.22,40.62,7.08,20.07,7.41,5.4,-19.91,33.31,43.84,36.74,2.41,35.16,-33.16,31.29,75.89,-11.14,11.78,54.95,-165.4
217,217,7.482758620689655,0,0,0,57.41,-44.78,47.23,4.36,-42.43,-3.55,68.8,-19.87,59.58,-6.35,-18.97,-8.59,80.38,-2.16,125.39,-25.17,-3.59,51.4,39.56,7.37,22.4,7.41,5.82,-22.23,33.29,43.67,38.35,3.76,35.24,-45.66,31.13,75.85,-8.37,11.84,56.06,-160.58
218,218,7.517241379310345,0,0,0,55.89,-44.09,49.79,3.07,-41.68,-5.86,68.57,-19.82,67.26,-7.66,-18.88,-8.52,77.24,-1.81,132.12,-24.73,-3.55,49.04,38.52,7.49,25.47,7.14,5.99,-25.3,32.93,42.91,37.71,4.59,35.51,-44.74,31.12,75.48,-10.57,13.57,57.49,-139.34
219,219,7.551724137931035,0,0,0,54.0,-43.27,62.2,1.25,-40.73,-2.53,68.23,-19.58,77.47,-8.88,-18.4,-7.0,73.9,-1.75,134.92,-24.93,-2.75,52.94,37.6,8.15,28.79,7.13,6.64,-28.61,32.54,42.93,36.92,6.28,36.5,-66.59,30.96,75.36,-14.12,14.23,58.18,-157.63
220,220,7.586206896551724,0,0,0,51.63,-42.41,61.02,-0.45,-39.98,-14.92,64.47,-19.17,87.39,-10.69,-17.39,-13.3,65.03,-0.0,152.7,-24.53,-1.72,51.47,35.94,8.86,33.69,6.6,7.54,-33.51,31.85,42.73,39.53,7.4,38.27,-75.41,30.56,74.2,-8.22,14.88,60.1,-159.31
221,221,7.620689655172414,0,0,0,49.8,-41.89,72.23,-1.77,-39.58,-12.21,61.53,-18.58,94.48,-11.43,-16.53,-12.29,58.78,1.69,156.08,-23.49,-0.02,55.36,34.37,8.82,35.47,6.48,7.67,-35.32,31.11,41.72,36.96,7.65,38.53,-73.86,30.49,72.41,-36.45,15.03,60.95,-165.42
222,222,7.655172413793103,0,0,0,48.35,-41.45,70.87,-2.43,-39.26,-19.79,58.21,-17.46,96.11,-11.7,-15.91,-22.16,52.79,2.83,156.65,-23.0,1.17,46.61,32.83,8.92,36.3,6.12,7.94,-36.16,30.59,41.58,25.12,7.72,38.75,-76.25,30.45,71.25,-60.13,15.11,61.29,-168.6
223,223,7.689655172413793,0,0,0,46.41,-41.33,74.63,-3.53,-38.87,-19.44,54.07,-16.86,100.17,-11.89,-15.51,-24.73,47.42,3.23,164.72,-21.99,1.1,46.64,31.83,8.82,36.91,5.29,7.85,-36.79,30.62,40.61,23.78,7.41,38.69,-85.66,30.46,70.0,-60.97,15.07,61.65,-177.45
224,224,7.724137931034483,0,0,0,45.11,-41.11,72.24,-4.77,-38.87,-17.66,48.29,-16.08,94.24,-12.7,-15.42,-22.86,39.84,3.56,159.34,-21.24,1.68,47.43,30.81,8.07,35.81,2.88,7.59,-35.65,30.94,39.21,9.31,7.37,38.05,-77.9,31.82,67.8,-83.54,15.05,62.0,-172.55
225,225,7.758620689655173,0,0,0,43.93,-40.87,70.91,-6.39,-38.76,-16.41,45.39,-15.62,92.7,-14.04,-15.14,-21.2,35.39,3.35,157.09,-21.22,2.05,50.12,29.51,7.35,33.41,1.01,7.02,-33.31,31.18,38.33,9.68,7.35,37.43,-73.68,32.97,67.3,-80.66,14.66,62.07,-168.49
226,226,7.793103448275862,0,0,0,42.68,-40.88,69.97,-7.34,-38.81,-16.22,44.99,-15.62,93.97,-14.3,-15.23,-19.46,32.18,2.99,156.76,-20.9,1.76,51.66,29.73,6.8,32.24,0.76,6.67,-32.17,31.38,37.98,10.89,7.22,37.14,-69.1,33.29,66.43,-82.88,14.02,61.92,-150.92
227,227,7.827586206896552,0,0,0,42.07,-40.85,70.27,-7.99,-38.86,-2.96,45.1,-15.71,97.35,-14.9,-15.33,3.24,30.34,1.66,164.54,-20.8,1.72,78.15,30.07,5.94,25.51,0.86,6.04,-25.43,32.45,36.58,13.2,7.04,36.36,-44.35,33.6,64.78,-79.08,13.31,61.85,-124.95
228,228,7.862068965517241,0,0,0,41.24,-40.84,69.34,-8.65,-38.76,1.81,44.71,-15.83,95.52,-15.93,-15.27,11.28,28.42,0.33,162.93,-20.89,1.59,83.41,30.2,5.23,21.25,0.89,5.52,-21.16,32.73,34.94,3.78,6.88,35.78,-36.55,33.94,62.96,-90.55,11.82,61.73,-110.99
229,229,7.896551724137931,0,0,0,40.75,-40.62,67.39,-8.67,-38.76,5.51,44.58,-15.92,94.59,-16.55,-15.29,11.24,27.26,-0.3,161.58,-22.07,1.5,78.61,29.91,4.93,17.01,0.57,5.38,-16.91,32.92,34.25,-6.69,6.01,35.41,-28.68,34.01,61.43,-110.07,10.1,61.65,-102.63
230,230,7.931034482758621,0,0,0,40.38,-40.21,66.67,-8.47,-38.71,14.13,44.11,-15.99,94.06,-17.01,-15.34,21.19,26.9,-0.88,160.91,-23.5,1.45,87.0,29.4,4.76,13.45,0.19,5.32,-13.35,33.73,32.95,-10.88,4.86,34.98,-19.18,34.54,58.77,-115.05,8.3,61.46,-91.38
231,231,7.9655172413793105,0,0,0,40.32,-39.69,55.14,-8.64,-38.62,10.63,43.79,-16.04,80.67,-17.7,-15.4,21.33,27.08,-1.08,148.09,-24.94,1.16,84.81,28.82,4.23,10.54,-0.59,5.03,-10.43,33.88,31.13,-3.49,3.18,33.83,-5.29,34.85,56.31,-101.13,6.7,61.09,-66.93
232,232,8.0,0,0,0,40.21,-39.27,50.79,-8.67,-38.51,11.58,42.78,-16.07,75.0,-18.29,-15.62,22.12,27.34,-1.13,144.78,-26.3,0.72,85.71,28.46,4.28,8.36,-1.13,5.06,-8.25,33.83,30.91,-14.58,1.86,33.89,-2.82,34.76,54.83,-125.52,5.47,60.89,-68.76
233,233,8.03448275862069,0,0,0,40.03,-38.77,41.16,-8.65,-38.33,5.43,42.05,-16.05,65.57,-19.09,-15.72,16.55,27.75,-1.31,134.3,-27.86,0.47,68.98,27.44,4.38,8.61,-2.38,5.05,-8.5,33.19,30.73,-12.32,0.61,33.95,4.04,33.73,53.32,-124.15,4.28,60.63,-54.74
234,234,8.068965517241379,0,0,0,39.74,-38.22,38.55,-8.51,-37.91,6.34,42.27,-15.89,62.29,-19.36,-15.73,18.57,29.16,-1.2,135.01,-28.97,0.14,79.49,26.44,4.46,5.76,-3.0,5.02,-5.64,31.02,30.24,-25.0,-0.55,33.86,8.59,30.85,52.22,-150.28,2.62,60.61,-40.75
235,235,8.10344827586207,0,0,0,39.52,-37.05,39.97,-8.39,-37.28,14.42,42.48,-15.49,58.12,-19.18,-15.76,25.69,29.8,-1.12,131.6,-29.57,0.03,93.31,25.33,4.6,3.63,-3.47,5.04,-3.52,28.83,30.45,-37.63,-1.41,33.94,1.45,27.9,52.14,-170.47,0.9,60.6,-51.79
236,236,8.137931034482758,0,0,0,39.46,-35.86,21.62,-7.82,-36.59,8.81,42.85,-15.25,31.16,-18.99,-15.77,21.76,32.87,-0.68,92.68,-29.45,-0.17,82.29,25.03,4.85,1.7,-3.2,5.25,-1.58,26.98,30.91,-36.06,-2.15,34.0,8.16,25.46,52.61,-156.35,-0.93,60.58,-33.56
237,237,8.172413793103448,0,0,0,39.22,-35.07,23.28,-7.14,-36.34,8.17,42.88,-15.0,33.07,-18.56,-16.13,20.76,36.66,-0.13,97.58,-29.2,-0.81,84.39,24.8,5.04,1.33,-3.04,5.34,-1.21,25.05,31.09,-36.21,-2.27,33.95,13.67,23.39,52.54,-157.86,-2.79,60.51,-25.95
238,238,8.206896551724139,0,0,0,39.11,-34.53,16.86,-7.09,-36.26,3.47,43.11,-14.69,29.09,-18.37,-16.19,18.85,39.59,0.34,92.6,-28.54,-0.8,74.68,24.63,5.05,1.92,-2.98,5.28,-1.8,23.61,30.93,-29.45,-2.3,33.29,11.25,21.33,52.46,-151.14,-4.62,60.35,-21.67
239,239,8.241379310344827,0,0,0,38.64,-34.22,11.0,-7.2,-35.94,8.44,43.2,-14.48,13.11,-17.88,-16.19,22.73,41.33,0.95,60.72,-26.44,-1.18,71.95,24.37,5.07,-1.31,-3.24,5.11,1.44,22.38,30.95,-28.74,-2.71,32.56,22.92,19.28,52.71,-117.0,-7.0,60.09,-2.45
240,240,8.275862068965518,0,0,0,37.95,-33.92,17.02,-7.97,-35.78,27.56,43.29,-14.16,7.81,-17.78,-16.23,41.95,42.6,2.15,46.35,-23.85,-1.46,89.96,23.5,5.32,-4.42,-4.16,5.11,4.54,20.72,31.44,-32.06,-3.98,32.43,26.78,17.39,52.82,-120.58,-9.08,60.01,-1.12
241,241,8.310344827586206,0,0,0,36.97,-33.8,10.77,-8.8,-35.85,43.41,42.89,-14.11,-0.56,-17.75,-16.26,70.38,43.92,2.36,53.99,-21.02,-1.49,138.93,22.19,5.77,-12.55,-5.44,5.12,12.64,19.58,31.48,-49.33,-5.29,32.51,30.21,15.69,53.06,-164.26,-10.88,59.13,-19.81
242,242,8.344827586206897,0,0,0,36.3,-33.7,1.97,-9.25,-35.89,36.36,42.42,-14.13,-11.15,-17.73,-16.27,62.27,44.82,2.36,36.83,-19.91,-1.67,124.6,21.17,6.03,-12.63,-6.43,5.12,12.73,18.42,31.63,-41.99,-6.36,32.58,31.08,14.3,53.11,-149.68,-11.91,58.33,-17.91
243,243,8.379310344827585,0,0,0,35.11,-33.77,2.39,-9.93,-35.94,49.9,41.91,-14.17,-12.41,-17.73,-16.52,89.31,45.08,2.5,39.04,-18.0,-1.78,164.75,18.86,6.03,-16.09,-8.09,5.04,16.17,16.65,31.54,-45.09,-8.23,32.08,30.59,12.35,53.05,-146.96,-13.28,56.49,-24.3
244,244,8.413793103448276,0,0,0,33.78,-33.76,7.47,-10.86,-35.9,70.45,41.29,-14.2,-3.18,-17.87,-16.51,118.24,45.62,2.45,49.62,-15.84,-1.83,206.38,17.32,6.05,-17.72,-8.48,5.04,17.78,14.83,31.32,-55.96,-10.38,32.02,29.21,10.8,52.81,-164.68,-14.96,55.48,-43.37
245,245,8.448275862068966,0,0,0,32.3,-33.69,14.86,-12.91,-35.61,73.72,40.32,-14.22,4.97,-18.28,-16.18,122.68,45.53,2.73,63.04,-14.41,-1.74,212.48,15.91,6.04,-17.24,-9.97,5.02,17.31,13.32,30.83,-51.15,-12.34,31.64,31.43,9.12,52.64,-154.92,-16.35,54.1,-52.69
246,246,8.482758620689655,0,0,0,30.63,-33.58,14.94,-14.1,-35.56,66.93,38.97,-14.22,-4.5,-19.27,-16.17,112.82,45.07,2.69,42.07,-13.54,-1.82,197.2,13.96,6.04,-16.64,-11.97,4.86,16.71,12.0,30.65,-47.81,-14.76,31.14,30.77,7.43,52.59,-150.83,-18.11,53.05,-53.06
247,247,8.517241379310345,0,0,0,28.52,-33.53,15.34,-15.71,-35.52,65.42,37.44,-14.21,-1.48,-20.22,-15.9,105.07,44.92,2.75,47.77,-12.58,-1.8,183.24,12.07,5.8,-15.64,-13.3,4.39,15.72,10.29,30.3,-41.38,-16.25,30.61,41.07,5.51,52.56,-131.32,-19.64,51.68,-48.46
248,248,8.551724137931034,0,0,0,26.43,-33.49,10.08,-17.93,-35.38,57.9,35.56,-14.21,-4.64,-21.58,-15.67,93.71,43.51,2.73,46.13,-12.3,-1.81,172.5,10.19,5.62,-14.75,-15.08,4.16,14.83,8.91,29.74,-32.61,-18.61,29.22,36.76,4.36,52.41,-109.73,-20.97,49.82,-48.75
249,249,8.586206896551724,0,0,0,24.26,-33.48,11.24,-20.55,-34.94,55.45,33.82,-14.26,-3.21,-23.04,-15.04,90.47,41.31,2.67,44.66,-12.79,-1.8,147.01,8.72,5.3,-14.19,-16.52,4.01,14.26,7.31,29.1,-25.32,-20.65,28.04,33.89,3.2,52.3,-91.64,-22.07,48.38,-49.46
250,250,8.620689655172415,0,0,0,22.45,-33.46,20.98,-22.41,-34.64,59.46,31.75,-14.27,7.2,-24.48,-14.32,88.22,38.86,2.5,59.94,-13.37,-1.66,148.05,8.0,4.89,-13.27,-17.7,3.85,13.36,5.83,28.14,-18.05,-22.66,27.11,31.26,2.24,52.0,-90.23,-23.0,46.71,-64.42
251,251,8.655172413793103,0,0,0,20.42,-33.43,21.45,-24.29,-34.4,57.59,29.39,-14.27,5.35,-25.97,-13.73,79.02,36.09,2.18,42.31,-14.01,-1.39,131.2,6.82,4.57,-10.73,-18.9,3.67,10.83,4.41,27.28,-9.49,-24.53,26.26,30.7,1.0,51.8,-65.0,-23.93,45.22,-58.57
252,252,8.689655172413794,0,0,0,18.66,-33.39,34.23,-26.05,-34.04,60.68,26.72,-14.27,19.27,-27.35,-13.42,79.47,32.98,1.92,60.71,-15.82,-1.05,138.39,5.86,4.06,-7.97,-19.71,3.24,8.07,3.27,26.74,-2.16,-25.93,24.84,34.16,0.17,51.7,-62.87,-24.24,44.02,-56.71
253,253,8.724137931034482,0,0,0,16.7,-33.29,30.94,-27.77,-33.64,54.72,24.74,-14.25,16.5,-28.48,-13.15,70.11,30.23,1.84,51.56,-18.59,-0.43,119.69,4.46,4.07,-6.28,-20.84,3.21,6.39,1.9,27.16,-6.86,-26.95,25.2,25.54,-0.47,51.7,-57.45,-25.41,44.48,-56.49
254,254,8.758620689655173,0,0,0,14.73,-33.16,29.12,-29.44,-33.31,53.34,22.5,-14.21,12.05,-30.31,-13.06,72.78,27.41,1.83,44.64,-22.13,0.2,127.07,3.44,4.38,-6.82,-21.96,3.57,6.92,1.4,28.17,-12.5,-27.44,25.85,21.11,-0.79,51.73,-74.68,-26.47,45.17,-60.35
255,255,8.793103448275861,0,0,0,13.08,-32.91,27.57,-31.34,-32.68,53.13,20.49,-14.14,11.47,-32.6,-12.43,74.47,23.9,1.83,46.49,-25.96,0.48,131.35,2.74,4.49,-7.0,-23.07,4.15,7.1,0.56,29.15,-14.73,-27.16,26.11,10.83,-1.31,51.75,-76.27,-27.1,45.83,-68.26
256,256,8.827586206896552,0,0,0,11.41,-32.67,32.15,-32.69,-32.37,44.78,18.67,-14.08,25.89,-34.61,-12.43,67.64,21.25,1.81,68.32,-29.35,0.68,127.27,1.49,4.65,-3.09,-24.37,4.53,3.19,-0.45,29.59,-10.26,-27.07,26.13,0.41,-1.44,51.77,-68.34,-26.53,46.17,-74.1
257,257,8.862068965517242,0,0,0,10.74,-32.36,30.02,-33.05,-32.21,38.07,17.61,-13.95,23.81,-35.54,-12.51,61.47,19.82,1.69,68.11,-31.41,0.63,121.81,0.71,4.65,-2.65,-24.77,4.64,2.75,-0.69,29.59,-8.87,-26.7,26.27,2.4,-1.48,51.75,-66.31,-26.09,46.29,-71.67
258,258,8.89655172413793,0,0,0,9.94,-32.33,34.99,-32.46,-32.37,36.26,17.02,-13.98,37.71,-36.65,-13.2,57.35,17.92,1.26,89.8,-34.38,0.58,120.63,-0.23,4.68,-0.73,-25.76,4.73,0.83,-0.78,29.66,-4.06,-26.17,26.84,-5.09,-1.06,51.73,-65.33,-26.03,46.33,-84.29
259,259,8.931034482758621,0,0,0,9.14,-32.34,34.6,-32.18,-32.43,27.11,16.08,-14.44,33.52,-37.48,-13.59,37.01,15.57,0.14,76.63,-37.24,0.57,88.15,-0.59,4.44,1.12,-26.22,4.63,-1.01,-0.68,28.92,0.43,-26.06,26.81,-6.4,-0.76,51.13,-52.13,-24.45,45.74,-79.91
260,260,8.96551724137931,0,0,0,8.71,-33.6,32.95,-31.87,-32.93,22.74,15.73,-15.82,41.35,-37.86,-14.29,34.9,13.72,-1.65,102.69,-39.15,-0.07,92.38,-0.85,3.3,0.93,-26.57,3.71,-0.83,-0.26,27.08,-1.54,-25.32,26.19,-7.01,0.2,49.76,-62.99,-22.4,45.29,-84.82
261,261,9.0,0,0,0,9.91,-34.53,46.45,-31.39,-33.96,22.53,16.29,-16.43,62.13,-37.02,-15.94,34.73,12.45,-3.1,126.54,-39.55,-1.41,99.54,-0.55,2.02,5.21,-26.02,2.49,-5.13,-0.01,25.5,-1.29,-23.23,24.99,-20.92,2.55,48.47,-66.34,-19.4,44.6,-101.18
262,262,9.03448275862069,0,0,0,10.58,-35.84,54.21,-30.79,-35.3,27.23,16.8,-17.65,69.4,-36.44,-17.69,41.23,11.31,-4.35,131.51,-39.77,-2.64,106.2,-0.13,0.59,6.34,-25.4,0.95,-6.27,0.7,24.28,-6.95,-21.44,23.57,-25.34,5.21,47.28,-76.37,-17.34,43.6,-104.68
